activity,smiles
1,Fc1ccc(Cn2c(nc3ccccc23)N4CCC(CC4)NCC5CCOCC5)cc1
1,CN1C(=O)C=C(N2CCCN(CC\C=C/3\c4ccccc4CCc5ccc(CC(=O)O)cc35)CC2)N(C)C1=O
1,NC(=O)N(O)CCC#Cc1ccc(OCCCCN2CCN(CC2)[C@H](c3ccccc3)c4ccc(Cl)cc4)cc1
1,CC(C)C(=O)NCc1ccc2Sc3ccccc3C[C@H](N4CCN(C)CC4)c2c1
1,OC(=O)c1ccccc1N2CCC(CN3CCC(CC3)Oc4ccc(Cl)c(Cl)c4)CC2
1,CC(C)(C)c1ccc(cc1)C(O)CCCN2CCC(CC2)C(O)(c3ccccc3)c4ccccc4
1,CN1C(=O)C=C(N2CCN(CC\C=C\3/c4ccccc4COc5ccc(CC(=O)O)cc35)CC2)N(C)C1=O
1,CC(c1c(CCN(C)C)sc2ccccc12)n3ccnc3
1,COc1cc(cc(OC)c1OC)C(=O)N2CCC(CCN3CCC(CC3)C(=O)c4nc5ccccc5[nH]4)(C2)c6ccc(Cl)c(Cl)c6
1,COc1cc(cc(OC)c1OC)C(=O)N2CCC(CCN3CCC(CC3)C(=O)c4nc5ccccc5n4CCOc6occc6)(C2)c7ccccc7
1,COCCN(C)C1CCN(CC1)c2nc3ccccc3n2Cc4ccc(F)cc4
1,COc1c(OCCF)cccc1[C@H](O)C2CCN(CCc3ccc(F)cc3)CC2
1,Fc1ccc(Cn2c(nc3ccccc23)C4CCCN(Cc5occn5)C4)cc1
1,COc1nccnc1[C@H](C)C2=C(CCN(C)C)Cc3cc(F)ccc23
1,NCCCCCCCCCCc1c[nH]cn1
1,CN1C(=O)C=C(N2CCN(CCCN3c4ccccc4Sc5ccc(CCC(=O)O)cc35)CC2)N(C)C1=O
1,CNCC1C[C@H]2[C@H](O1)c3ccccc3Cc4ccccc24
1,CN(Cc1ccccc1)C2CCN(CC2)c3nc4ccccc4n3Cc5ccc(F)cc5
1,OC(=O)[C@@H]1CCCN(C1)C2CC[C@@]3(C2)Cc4ccccc4Cc5ccccc35
1,C1CO[C@H](CN1)[C@H](Oc2cccc3CCOc23)c4ccccc4
1,CN(C)CCOC(c1ccccc1)c2ccccc2
1,CC1CN(CC(C)N1CCC(=O)O)C2=Cc3ccccc3Cn4ccnc24
1,CN(C)CC1C[C@@H]2[C@H](O1)c3ccccc3Cc4ccccc24
1,OC(=O)[C@@H](Cc1ccccc1)N2CCC(CN3CCC(CC3)Oc4ccc(Cl)c(Cl)c4)CC2
1,CN(C)CC1C[C@H]2[C@H](O1)c3ccccc3N(C)c4ccccc24
1,CN1CCC(=C2c3ccccc3CC(=O)c4sccc24)CC1
1,COc1nccnc1[C@H](C)C2=C(CCN(C)C)Cc3cc(C)ccc23
1,O[C@@H](CNC1CCN(Cc2ccc(Cl)c(Cl)c2)CC1)COc3cccc(c3)C#N
1,C[C@H](C1=C(CCN(C)Cc2cnccn2)Cc3ccccc13)c4cnccn4
1,Fc1ccc(Cn2c(nc3ccccc23)C4CCCN(CC(=O)N5CCOCC5)C4)cc1
1,CN(C)CC1CC2N(O1)c3cccc(F)c3Cc4ccccc24
1,CN(CC\C=C\1/c2ccccc2Sc3ccc(Cl)cc13)Cc4ccc(OCCCN5CCCCC5)cc4
1,CNC1=Nc2ccc(Cl)cc2C(=[N+]([O-])C1)c3ccccc3
1,CN1CCC(=C2c3ccccc3CC(=O)c4sccc24)CC1.OC(=O)\C=C\C(=O)O
1,C(CC1=C(Cc2cnccn2)c3ccccc3C1)N4CCC4
1,OC(=O)[C@]12C[C@H]1CN(C2)C3CC[C@@]4(C3)Cc5ccccc5Cc6ccccc46
1,CCOc1cc(cc(OCC)c1OCC)C(=O)N2CCC(CCN3CCC(CC3)C(=O)c4nc5ccccc5n4Cc6ccc(F)cc6)(C2)c7ccc(OC)c(OC)c7
1,NCC[C@H]1C[C@H]1c2c[nH]cn2
1,CCN(CC)CCCOC(=O)N1c2ccccc2Sc3ccccc13
1,CN1C(=O)C=C(N2CCCN(CC\C=C/3\c4ccccc4COc5ccc(CC(=O)O)cc35)CC2)N(C)C1=O
1,Clc1ccc(cc1)N2CCN(CCCCC(=O)c3nc4ccccc4s3)CC2
1,OC(=O)C1(F)CCCN(C1)C2CC[C@@]3(C2)Cc4ccccc4Cc5ccccc35
1,CN1CCCC(C1)c2nc3ccccc3n2Cc4ccc(F)cc4
1,CC(C)COC(=O)N(O)CCC#Cc1ccc(OCCCCN2CCN(CC2)C(c3ccc(F)cc3)c4ccc(F)cc4)cc1
1,CN(C)CCC1=C(Cc2cnccn2)c3ccc(C)cc3C1
1,Cc1c(Cl)c(ccc1OC2CCN(CC3CCN(CC3)[C@@H](Cc4ccc(F)cc4)C(=O)O)CC2)C#N
1,FC(F)(F)c1ccc(SC[C@@H](C2CCNCC2)c3c[nH]cn3)cc1
1,OC(=O)c1ccccc1C(=O)N2CCC(CC2)N3CCC(CC3)Oc4ccc(Cl)c(Cl)c4
1,C[C@@H](c1cncs1)c2c(CCN(C)C)sc3ccccc23
1,CC(C(=O)O)c1ccc2OCc3ccccc3N(CCCN4CCCN(CC4)C5=CC(=O)N(C)C(=O)N5C)c2c1
1,CN1CCc2c(C1)c3ccccc3n2CCc4cccnc4
1,CN(C)CCC1c2ccccc2Cc3ccccc13
1,O=C(CCCCN1CCC(CC1)c2ccccc2)c3nc4ccccc4s3
1,OC(=O)[C@H](Cc1cccc(c1)C(F)(F)F)N2CCC(CN3CCC(CC3)Oc4ccc(Cl)c(Cl)c4)CC2
1,CN1C(=O)C=C(N2CCCN(CCCN3c4ccccc4OCc5ccc(cc35)C(=O)O)CC2)N(C)C1=O
1,C[C@@H](c1cscn1)c2c(CCN(C)C)sc3ccccc23
1,Clc1ccc(CC2=NN(C[C@@H]3CCCN3CCCCc4ccc(OCCCN5CCCCCC5)cc4)C(=O)c6ccccc26)cc1
1,CN(C)C[C@H]1C[C@H]2[C@H](O1)c3ccccc3Cc4ccccc24
1,CCCc1ccc2N(CCN3CCCCCC3)C(=O)Sc2c1
1,CN(CCC=C1c2ccccc2CCc3ccccc13)Cc4ccc(OCCCN5CCCCC5)cc4
1,CN1CCN(CC1)c2nc(NCc3cccs3)c4cc(Cl)ccc4n2
1,COc1ccc(CN(CCN(C)CCN2CCN(CC2)C(=O)c3cc4ccccc4[nH]3)c5ccccn5)cc1
1,C(CN1CCN(CC1)c2ncccn2)Cc3nc4ccccc4s3
1,Cc1ccc(Cn2c(nc3ccccc23)[C@H]4CNCCO4)cc1
1,CN(CCCN1CCC(CN2c3ccccc3Sc4ccc(cc24)C(=O)O)CC1)C5=CC(=O)N(C)C(=O)N5C
1,C[C@H](C1=C(CCN(C)Cc2nccn2C)Cc3ccccc13)c4cnccn4
1,CN1CCc2c(C1)c3cccc4Cc5ccccc5Cn2c34
1,CN(C)CCC1=C(Cc2cnccn2)c3ccccc3C1
1,CN(C1CCN(CC1)c2nc3ccccc3n2Cc4ccc(F)cc4)c5ccccc5
1,CN(C)CC1C[C@H]2[C@H](O1)c3ccccc3Oc4ccccc24
1,CN(C)CC1C[C@H]2[C@H](O1)c3ccccc3OCc4ccccc24
1,CCN(C)CCC1=C(Cc2cnccn2)c3ccccc3C1
1,N[C@@H]1C[C@@H]1c2c[nH]cn2
1,OC(=O)C1=CCN(CC1)C2CCC3(C2)Cc4ccccc4Cc5ccccc35
1,COc1ccc(cc1NC2CCN(C)CC2)S(=O)(=O)n3cc(C)c4cc(Cl)ccc34
1,NC(=O)N(O)CCC#Cc1oc(CN2CCN(CC2)C(c3ccc(F)cc3)c4ccc(F)cc4)cc1
1,COc1ccc(CN(CCN2CCN(CC2)C(=O)c3nc4ccccc4[nH]3)c5ccccn5)cc1
1,C[C@H](C1=C(CCN(C)CC2CCOCC2)Cc3ccccc13)c4cnccn4
1,Cc1c(Cl)ccc(OC2CCN(CC2)C3CCN(CC3)S(=O)(=O)NC(=O)c4ccccc4)c1Cl
1,CC1=C(CCN2CCC(CC2)c3noc4cc(F)ccc34)C(=O)N5CCCCC5=N1
1,COc1nccnc1CC2=C(CCN(C)C)Cc3cc(F)ccc23
1,C[C@H](C1=C(CCN(C)Cc2occc2)Cc3ccccc13)c4cnccn4
1,CN1C(=O)C=C(NCCCN2CCC(CN3c4ccccc4Sc5ccc(cc35)C(=O)O)CC2)N(C)C1=O
1,COc1ccc2c(c1)c3CN(C)CCc3n2CCc4ccccc4
1,COc1cccc(n1)C(C)c2c(CCN(C)C)sc3ccccc23
1,Fc1ccc(Cn2c(nc3ccccc23)N4CCC(CC4)n5ccnc5)cc1
1,COC(=O)C1=CCCN(C1)C2CC[C@@]3(C2)Cc4ccccc4Cc5ccccc35
1,O=C(Cc1ccccc1)NC2CCN(CCCN3C(=O)COc4ccccc34)CC2
1,COC(=O)c1ccc(CCCCN2CCC(CC2)C(O)(c3ccccc3)c4ccccc4)cc1
1,CN1CCc2c(C1)c3ccccc3n2CCc4ccncc4
1,Fc1ccc(Cn2c(NC3CCN(CCN4CCN(CC4)C(=O)c5cc6ccccc6[nH]5)CC3)nc7ccccc27)cc1
1,CC(C)(CN1CCCN(CC1)C2=Cc3ccccc3Cn4ccnc24)C(=O)O
1,COc1ccc(cc1OC)C2(CCN3CCC(CC3)C(=O)c4nc5ccccc5n4Cc6ccc(cc6)C(=O)O)CCN(C2)C(=O)c7cc(OC)c(OC)c(OC)c7
1,Cc1noc2cc3CCN(CCCSc4nnc(c5ccc(cc5)C(F)(F)F)n4C)CCc3cc12
1,CC(C)C(=O)NCc1ccc2Sc3ccccc3C[C@@H](N4CCN(C)CC4)c2c1
1,OC(=O)CC1CN(C1)C2CCC3(C2)Cc4ccccc4Cc5ccccc35
1,OC(=O)[C@H](Cc1ccccc1C#N)N2CCC(CN3CCC(CC3)Oc4ccc(Cl)c(Cl)c4)CC2
1,CC(C)(CN1CCN(CC1)C2=Cc3ccccc3Cn4c(Cl)cnc24)C(=O)O
1,COCCN1CCC[C@@H]1CN2N=C(Cc3ccc(Cl)cc3)c4ncccc4C2=O
1,COc1cc(ccc1N)C(=O)NC[C@@H](O)CN2CCC(CC2)Oc3ccc(Cl)c(Cl)c3
1,CN(C)CCC1=C(Cc2cnccn2)c3ccc(Cl)cc3C1
1,COc1ccc(CN(CCN2CCN(CC2)C(=O)c3cc4ccccc4[nH]3)c5ccccn5)cc1
1,CN1CCc2c(C1)c3cc(F)ccc3n2CCc4ccc(cc4)C(F)(F)F
1,CCOC(=O)N1CCC(=C2c3ccc(Cl)cc3CCc4cccnc24)CC1
1,Cc1ccc(Cn2c(nc3ccccc23)C4CNCCO4)cc1C
1,OC(=O)COc1ccccc1N2CCC(CN3CCC(CC3)Oc4ccc(Cl)c(Cl)c4)CC2
1,COc1ccc2C(=C(CCN(C)C)Cc2c1)[C@@H](C)c3cnccn3
1,Fc1cccc(O[C@@H]([C@H]2CNCCO2)c3ccccc3)c1F
1,OC(=O)[C@@H](CN1CCC(CC1)OC2c3ccccc3CCc4ccccc24)NC(=O)OCc5ccccc5
1,COc1cccnc1[C@H](C)c2c(CCN(C)C)sc3ccccc23
1,NCC[C@@H]1C[C@@H]1c2c[nH]cn2
1,NC[C@@H]1C[C@H]1c2c[nH]cn2
1,CN(C)CC1CC2N(O1)c3cc(F)ccc3Cc4ccc(F)cc24
1,C(\C=C\c1ccccc1)N2CCN(CC2)C(c3ccccc3)c4ccccc4
1,O[C@H](CNC(=O)C1=CC(=O)Nc2ccccc12)CN3CCC(CC3)Oc4ccc(Cl)c(Cl)c4
1,CN(C)CC1c2ccccc2Cc3ccccc13
1,COCCN1CCC[C@@H]1CN2N=C(Cc3ccc(Cl)cc3)c4cnccc4C2=O
1,Cc1cc2C(=Nc3ccccc3Nc2s1)N4CC[N+](C)([O-])CC4
1,Cl.Cl.OC(=O)COCCN1CCN(CC1)[C@H](c2ccccc2)c3ccc(Cl)cc3
1,OCCN1CCN(CC2C[C@H]3[C@H](O2)c4ccccc4Cc5ccccc35)CC1
1,Fc1ccc(cc1)C(=O)CCCN2CCCN(CC2)c3ccc(Cl)cc3
1,CC(c1cccc(F)n1)c2c(CCN(C)C)sc3ccccc23
1,CN(C)CCCN1N=C(Cc2ccc(Cl)cc2)c3ccccc3C1=O
1,OC(=O)C1CCN(CC1)C2CCC3(C2)C(=O)c4cc(F)ccc4Sc5ccccc35
1,CCOc1cc(CN2CCC(CC2)NC(=O)c3cncc(C)c3)ccc1Cl
1,CCOCCn1c(nc2ccccc12)C(=O)C3CCN(CCC4(CCN(C4)C(=O)c5cc(OC)c(OC)c(OC)c5)c6ccc(OC)c(OC)c6)CC3
1,COc1cnc2C(=Cc3ccccc3Cn12)N4CCN(CC(C)(C)C(=O)O)CC4
1,CN1CCc2c(C1)c3cc(C)ccc3n2CCc4ccc(C)nc4
1,C[C@H](C1=C(CCN(C)Cc2nccs2)Cc3ccccc13)c4cnccn4
1,CN(C)C[C@H]1CC2[C@H](O1)c3cc(Br)ccc3Oc4ccccc24
1,CCCCC1CCN(CCCC(=O)c2ccccc2C)CC1
1,CNC[C@@H]1C[C@@H]2[C@@H](O1)c3ccccc3Cc4ccccc24
1,NC[C@H]1C[C@@H]1c2c[nH]cn2
1,NCCc1c[nH]c(n1)c2cccc(c2)C(F)(F)F
1,CN1C(=O)C[C@@H](C(=C1C)C(=O)NCCCN2CCC(CC2)(C#N)c3ccc(F)cc3C#N)c4ccc(F)c(F)c4
1,O=C(NCCCCN1CCN(CC1)c2ccccc2)c3ccc4ncccc4c3
1,CNCC1CC2N(O1)c3ccccc3Cc4ccccc24
1,COc1ccc(CN(CCN(C)C)c2ccccn2)cc1
1,NC(=O)N(O)CCC#Cc1oc(CN2CCN(CC2)[C@H](c3ccccc3)c4ccc(Cl)cc4)cc1
1,CCOC(=O)N(O)CCC#Cc1ccc(OCCCCN2CCN(CC2)C(c3ccc(F)cc3)c4ccc(F)cc4)cc1
1,C(C1C[C@H]2[C@H](O1)c3ccccc3Sc4ccccc24)N5CCC(CC5)c6ccccc6
1,Fc1ccc(cc1)S(=O)(=O)NC(=O)N2CCC(CC2)N3CCC(CC3)Oc4ccc(Cl)c(Cl)c4
1,Clc1ccc(CC2=NN(C3CCCN(Cc4ccc(OCCCN5CCCCCC5)cc4)CC3)C(=O)c6ccccc26)cc1
1,CC(C(=O)O)c1ccc2Sc3ccccc3N(CCCN4CCCN(CC4)C5=CC(=O)N(C)C(=O)N5C)c2c1
1,COc1ccc(cc1OC)C2(CCN3CCC(CC3)C(=O)c4nc5ccccc5n4Cc6ccc(F)cc6)CCN(C2)C(=O)c7ccccc7
1,OC(=O)CCNC1CC[C@@]2(C1)Cc3ccccc3Cc4ccccc24
1,CS(=O)(=O)c1ccc2C(=CNC(=O)c2c1)C(=O)NC[C@@H](O)CN3CCC(CC3)Oc4ccc(C#N)c(Cl)c4
1,COc1cc(cc(OC)c1OC)C(=O)N2CCC(CCN3CCC(CC3)C(=O)c4nc5ccccc5n4Cc6cccnc6)(C2)c7ccccc7
1,Cc1ccc(cc1)\C(=C/CN2CCCC2)\c3ccccn3
1,COC(=O)c1ccc(CC2=NN(C[C@H]3CCCN3C)C(=O)c4ccccc24)cc1
1,OCCN1CCCC(C1)c2nc3ccccc3n2Cc4ccc(F)cc4
1,Cc1cccc(c1)S(=O)(=O)NC(=O)N2CCC(CC2)N3CCC(CC3)Oc4ccc(Cl)c(Cl)c4
1,CN1C(=O)C=C(N2CCN(CC\C=C/3\c4ccccc4CCc5ccc(CC(=O)O)cc35)CC2)N(C)C1=O
1,OC(=O)C1=CCCN(C1)C2CCC3(C2)C(=O)c4ccccc4Cc5ccccc35
1,CC1=C([C@H](CC(=O)N1)c2ccc(F)c(F)c2)C(=O)NCCCN3CCC(CC3)c4ccc(F)cc4
1,OC(=O)Cc1ccc(cc1)N2CCC(CN3CCC(CC3)Oc4ccc(Cl)c(Cl)c4)CC2
1,NC(=O)N(O)CCC#Cc1ccc(OCCCN2CCN(CC2)C(c3ccc(F)cc3)c4ccc(F)cc4)cc1
1,COc1ncccc1[C@@H](C)c2c(CCN(C)C)sc3ccccc23
1,CNCCC(c1ccccc1)c2ccccc2
1,OC(=O)[C@@H]1CCCN(C1)C2CCC3(C2)C(=O)c4cc(Cl)ccc4Oc5ccccc35
1,CN1CCc2c(C1)c3cc(C)ccc3n2CCc4ccccc4
1,Clc1ccc(CC2=NN(C[C@H]3CCCN3CCCCCc4ccc(OCCCN5CCCCCC5)cc4)C(=O)c6ccccc26)cc1
1,Clc1cccc(c1)S(=O)(=O)NC(=O)N2CCC(CC2)N3CCC(CC3)Oc4ccc(Cl)c(Cl)c4
1,O[C@H](CNC(=O)c1c[nH]c2ccccc12)CN3CCC(CC3)Oc4ccc(Cl)c(Cl)c4
1,Cc1cccc2c(CCN)cn(Cc3ccccc3)c12
1,Clc1ccc(OC2CCN(CC2)C3CCN(CC3)C(=O)NS(=O)(=O)Cc4ccccc4)cc1Cl
1,CN1CCc2c(C1)c3cc(ccc3n2CCc4ccccn4)C(F)(F)F
1,O[C@H](CNC(=O)C1=CNC(=O)c2ccc(F)cc12)CN3CCC(CC3)Oc4ccc(Cl)c(Cl)c4
1,COc1ccc2C(=C(CCN(C)C)Cc2c1)Cc3cnccn3
1,CC1(CCN(CC1)C2CCC3(C2)Cc4ccccc4Cc5ccccc35)C(=O)O
1,CN(CCCCc1ccc(OCCCN2CCCCCC2)cc1)CCN3N=C(Cc4ccc(Cl)cc4)c5ccccc5C3=O
1,OC(=O)c1ccc(cc1)N2CCC(CN3CCC(CC3)Oc4ccc(Cl)c(Cl)c4)CC2
1,C(C1CC2N(O1)c3ccccc3Cc4ccccc24)N5CCOCC5
1,CN(CCF)CCC1=C(Cc2cnccn2)c3ccccc3C1
1,FC(F)(F)c1ccc(SC[C@H](C2CCNCC2)c3c[nH]cn3)cc1
1,CN(C1CCN(CC1)c2nc3ccccc3n2Cc4ccc(F)cc4)C5=NC=CC(=O)N5
1,C[C@@](Cc1ccc(F)cc1)(N2CCC(CN3CCC(CC3)Oc4ccc(Cl)c(Cl)c4)CC2)C(=O)O
1,O[C@H](CNC(=O)C1=NNC(=O)c2ccccc12)CN3CCC(CC3)Oc4ccc(Cl)c(Cl)c4
1,O[C@@H](CCN1CCC(CC1)Oc2ccc(Cl)c(Cl)c2)COc3cccc(c3)C#N
1,COc1ccc(C(=O)N2CCC(CCN3CCC(CC3)C(=O)c4nc5ccccc5n4Cc6ccc(F)cc6)(C2)c7ccc8OCOc8c7)c(OC)c1OC
1,C(CNCC1c2ccccc2Cc3ccccc13)Cc4ccccc4
1,CNC1CCN(CC1)c2nc3ccccc3n2Cc4ccc(F)cc4
1,OC(=O)Cc1ccccc1N2CCC(CN3CCC(CC3)Oc4ccc(Cl)c(Cl)c4)CC2
1,Cc1ccc2nc(cc(N3CCNCC3)c2c1)C(F)(F)F
1,CN(CC1CCCCC1)C2CCN(CC2)c3nc4ccccc4n3Cc5ccc(F)cc5
1,CNCCCOc1cccc2ccccc12
1,COc1ccc(cc1)C2(CCN3CCC(CC3)C(=O)c4nc5ccccc5n4Cc6ccccn6)CCN(C2)C(=O)c7cc(OC)c(OC)c(OC)c7.OC(=O)\C=C\C(=O)O
1,OC(=O)C1=CCCN(C1)C2CC[C@@]3(C2)Cc4ccccc4Cc5ccccc35
1,FC(F)(F)c1ccc(SCC(c2ccncc2)c3c[nH]cn3)cc1
1,O=C(OCCc1ccc(cc1)C#N)N2CCN(CCCc3ccccc3)CC2
1,C[C@@H](c1ccccn1)c2c(CCN3CCC3)sc4ccccc24
1,CN1CCC(CC1)N2N=C(Cc3ccc(Cl)cc3)c4ccccc4C2=O
1,CN1CCc2c(C1)c3ccccc3n2CCc4ccccn4
1,CN1CCc2c(C1)c3cc(C)ccc3n2\C=C/c4ccccc4
1,CNCC1c2ccccc2Cc3ccccc13
1,Cc1cc(F)ccc1OC2CCN(CC3CCN(CC3)[C@@](C)(Cc4ccc(F)cc4)C(=O)O)CC2
1,OC(=O)[C@H](N1CCC(CN2CCC(CC2)Oc3ccc(Cl)c(Cl)c3)CC1)c4ccccc4
1,Cc1ccc(nn1)C(=O)N2CCC(=CC(=O)N[C@@H]3CCN(Cc4ccc5cc(F)ccc5c4)C3)CC2
1,Cc1c(Cl)ccc(OC2CCN(C[C@H](O)CNC(=O)c3c[nH]nc3C(F)(F)F)CC2)c1Cl
1,CN1C(=O)C=C(N2CCN(CCCN3c4ccccc4COc5ccc(CC(=O)O)cc35)CC2)N(C)C1=O
1,O[C@H](COc1cccc(c1)C#N)CN2CCC(CC2)Oc3ccc(Cl)c(Cl)c3
1,CN(C)CC\C=C/1\c2ccccc2Sc3ccc(Cl)cc13
1,CN1CCC[C@@H]1CN2N=C(Cc3ccc(cc3)C(C)(C)C)c4ccccc4C2=O
1,NCCCC1c2ccccc2Cc3ccccc13
1,CN(C)CC1CC2N(O1)c3ccccc3Cc4cccc(C)c24
1,Cc1c(Cl)c(Cl)ccc1OC2CCN(CC3CCN(CC3)[C@@H](Cc4ccc(F)cc4)C(=O)O)CC2
1,CN1CCC[C@@H]1CN2N=C(Cc3ccc(Cl)cc3)c4nccnc4C2=O
1,Clc1ccc(cc1)S(=O)(=O)NC(=O)N2CCC(CC2)N3CCC(CC3)Oc4ccc(Cl)c(Cl)c4
1,CC(=O)NCc1ccc2c(c1)c(cn2c3ccc(F)cc3)C4CCN(CCN5CCNC5=O)CC4
1,COc1ccccc1S(=O)(=O)NC(=O)N2CCC(CC2)N3CCC(CC3)Oc4ccc(Cl)c(Cl)c4
1,CN(C)S(=O)(=O)c1ccc2C(=CNC(=O)c2c1)C(=O)NC[C@@H](O)CN3CCC(CC3)Oc4ccc(Cl)c(Cl)c4
1,CC(C)Oc1cccc(CC(=O)N2CCC(CCN3CCC(CC3)C(=O)c4nc5ccccc5n4Cc6ccc(F)cc6)(C2)c7ccc8OCOc8c7)c1
1,Cc1cc(F)ccc1OC2CCN(CC3CCN(CC3)[C@@H](Cc4ccc(F)cc4)C(=O)O)CC2
1,OC(=O)[C@H](Cc1ccc(Cl)cc1)N2CCC(CN3CCC(CC3)Oc4ccc(Cl)c(Cl)c4)CC2
1,Cc1ccc2c(cccc2n1)c3nnc(SCCCN4CCc5cc6NC(=O)COc6cc5CC4)n3C
1,CN(C)CC1C[C@H]2[C@H](O1)c3ccccc3Cc4ccccc24
1,C[C@H](C1=C(CCN(C)C)Cc2cc(C)ccc12)c3cnccn3
1,CN1CCN(CC2C[C@H]3[C@H](O2)c4ccccc4Cc5ccccc35)CC1
1,OC(=O)c1ccccc1CN2CCC(CN3CCC(CC3)Oc4ccc(Cl)c(Cl)c4)CC2
1,COc1ccc2Cc3ccccc3N4OC(CN(C)C)CC4c2c1
1,CN1CCN(CCCN2c3ccccc3Sc4ccc(Cl)cc24)CC1
1,C[C@H](C1=C(CCN(C)Cc2ncc[nH]2)Cc3ccccc13)c4cnccn4
1,COc1ccc(Cn2c(nc3ccccc23)[C@H]4CNCCS4)cc1
1,C(Cc1ccccc1)NCC2c3ccccc3Cc4ccccc24
1,C[C@@H](c1ncccc1F)c2c(CCN(C)C)sc3ccccc23
1,CC1NC(=Nc2ccc(Cl)c(Cl)c12)N
1,Cc1cc(OC2CCN(CC3CCN(CC3)[C@@H](Cc4ccc(F)cc4)C(=O)O)CC2)ccc1Cl
1,COc1cc(cc(OC)c1OC)C(=O)N2CCC(CCN3CCC(CC3)C(=O)c4nc5ccccc5n4Cc6ccccn6)(C2)c7ccc(F)cc7
1,O[C@H](CNC(=O)c1n[nH]c2ccccc12)CN3CCC(CC3)Oc4ccc(Cl)c(Cl)c4
1,CN(C)c1cc(C)nc(N[C@@H]2CC[C@@H](CC2)NC(=O)c3ccc(Cl)cc3)n1
1,CN(C)CCC1=C(Cc2ccc(F)cc2)c3ccccc3C1
1,CN(CCC=C1c2ccccc2CCc3ccccc13)C(=O)Cc4ccc(OCCCN5CCCCC5)cc4
1,CCc1oc2c(Br)c3CCN(CCCSc4nnc(c5cccc6nc(C)ccc56)n4C)CCc3cc2n1
1,Fc1ccc(cc1)C(CCCN2CCN(CC2)C(=O)OCCc3ccc(cc3)C#N)c4ccc(F)cc4
1,OC(=O)COc1ccc(cc1)N2CCC(CN3CCC(CC3)Oc4ccc(Cl)c(Cl)c4)CC2
1,CN1CCC[C@@H]1CN2N=C(Cc3ccc(Cl)cc3)c4cnccc4C2=O
1,C(CC1=C(Cc2cnccn2)c3ccccc3C1)N4CCCC4
1,CN(C)C[C@@H]1CC2[C@H](O1)c3cc(F)ccc3Oc4ccccc24
1,Cc1cc(F)ccc1O[C@@H]([C@H]2CNCCO2)c3ccccc3
1,CS(=O)(=O)c1ccc2C(=CNC(=O)c2c1)C(=O)NC[C@@H](O)CN3CCC(CC3)Oc4ccc(Cl)c(Cl)c4
1,O[C@@H](CNC1CCN(Cc2ccc(Cl)c(Cl)c2)CC1)COc3ccc(cc3)C#N
1,CN(CCCC12CCC(c3ccccc13)c4ccccc24)Cc5ccc(OCCCN6CCCCC6)cc5
1,NC(=O)N(O)CCC#Cc1ccc(OCCN2CCC(=C3c4ccc(Cl)cc4CCc5cccnc35)CC2)cc1
1,OC(=O)C1CN(C1)C2CC[C@@]3(C2)Cc4ccccc4Cc5ccccc35
1,Cc1ccc(cc1)S(=O)(=O)NC(=O)N2CCC(CC2)N3CCC(CC3)Oc4ccc(Cl)cc4C
1,CN1CCN(CC1)[C@@H]2Cc3ccccc3Sc4ccc(CNC(=O)C)cc24
1,CN(C)CCOc1cc(C)c2cc(NC(=O)COc3ccc(Cl)cc3Cl)ccc2n1
1,Cc1cccc(C[C@H](N2CCC(CN3CCC(CC3)Oc4ccc(Cl)c(Cl)c4)CC2)C(=O)O)c1
1,O[C@H](CNC(=O)C1=CNC(=O)c2ccccc12)CN3CCC(CC3)Oc4ccc(Cl)c(Cl)c4
1,CN1CCc2c(C1)c3cc(F)ccc3n2CCc4ccc(C)nc4
1,NC(=O)N(O)CCC#Cc1ccc(OCCCCN2CCC(=C3c4ccc(Cl)cc4CCc5cccnc35)CC2)cc1
1,Fc1ccc(Cn2c(nc3ccccc23)C(=O)C4CCN(CCC5(CCN(C5)C(=O)c6ccc(Cl)cc6Cl)c7ccc8OCOc8c7)CC4)cc1
1,CN(C)CCCN1c2ccccc2Sc3ccccc13
1,COc1cc(cc(OC)c1OC)C(=O)N2CCC(CCN3CCC(CC3)C(=O)c4nc5ccccc5n4Cc6ccncc6)(C2)c7ccccc7
1,NC(=O)N(O)CCC#C[C@@H]1CC[C@@H](CN2CCN(CC2)C(c3ccc(F)cc3)c4ccc(F)cc4)O1
1,CCCN(C)CCC1=C(Cc2cnccn2)c3ccccc3C1
1,COc1cc(cc(OC)c1OC)C(=O)N2CCC(CCN3CCC(CC3)C(=O)c4nc5ccccc5n4Cc6ccccn6)(C2)c7ccc(Cl)c(Cl)c7.CS(=O)(=O)O
1,CN1CCC[C@@H]1CN2N=C(Cc3ccc(Cl)cc3)c4ccncc4C2=O
1,Cc1cncc(CN2CCC(=C3c4ccc(Cl)cc4CCc5cccnc35)CC2)c1
1,Cc1ccccc1S(=O)(=O)NC(=O)N2CCC(CC2)N3CCC(CC3)Oc4ccc(Cl)c(Cl)c4
1,COc1ccc2c(c1)c3CN(C)CCc3n2CCc4ccncc4
1,OC(=O)COc1cccc(c1)C(=O)N2CCC(CC2)N3CCC(CC3)Oc4ccc(Cl)c(Cl)c4
1,CN1C(=O)C=C(N2CCN(CCCN3c4ccccc4COc5ccc(cc35)C(=O)O)CC2)N(C)C1=O
1,CN1CCN(CC1)C2=Nc3cc(Cl)ccc3Nc4ccccc24
1,CC(C)(CN1CCN(CC1)C2=Cc3ccccc3Cn4cc(Cl)nc24)C(=O)O
1,CN1CCN(CC1)c2nc(N3CCCC3)c4cnn(C)c4n2
1,CN1CCCC(CC1)N2N=C(Cc3ccc(Cl)cc3)c4ccccc4C2=O
1,COc1ccc(Cn2c(nc3ccccc23)N4CCC(CC4)N(C)C)cc1
1,O[C@H](CNC(=O)C1=CNC(=O)c2ccccc12)CN3CCC(CC3)Oc4ccc(C#N)c(Cl)c4
1,CN(C)CC[C@@H](c1ccc(Cl)cc1)c2ccccn2
1,C[C@@H](c1ncccc1C)c2c(CCN(C)C)sc3ccccc23
1,OC(=O)C1CCN(CC1)C2CCC3(C2)Cc4ccccc4Oc5ccccc35
1,C[C@@H](NC(=O)c1ccc(cc1)N(C)C)C(=O)N2CCN(CCCOc3ccc(c(F)c3)c4noc(CC5CCCC5)n4)CC2
1,OC1(CCN(CCCSc2ccc(F)cc2)CC1)c3ccc(Cl)cc3
1,CNCCCC12CCC(c3ccccc13)c4ccccc24
1,COc1cc(cc(OC)c1OC)C(=O)N2CCC(CCN3CCC(CC3)C(=O)c4nc5ccccc5n4Cc6ccc(cc6)C(=O)O)(C2)c7ccccc7
1,CC(=O)N1CCC(=C2c3ccc(Cl)cc3CCc4cccnc24)CC1
1,Cc1cc(Cl)ccc1OC2CCN(C[C@H](O)CNC(=O)C3=CNC(=O)c4c(F)cccc34)CC2
1,CN1CCc2c(C1)c3cc(Br)ccc3n2CCc4ccccn4
1,CN1C(=O)C=C(N2CCN(CCCN3c4ccccc4Sc5ccc(CC(=O)O)cc35)CC2)N(C)C1=O
1,CN(C)CC1CC2N(O1)c3ccc(F)cc3Cc4ccccc24
1,CN(CCCN1c2ccccc2Sc3ccc(Cl)cc13)Cc4ccc(OCCCN5CCCCC5)cc4
1,CN1CCc2c(C1)c3cccc4CCc5ccccc5n2c34
1,COc1ccc(CCn2c3CCN(C)Cc3c4cc(F)ccc24)cc1
1,CN1CCc2c(C1)c3cc(C)ccc3n2CCc4ccncc4
1,Clc1ccc(OC2CCN(CC2)C3CCN(CC3)C(=O)c4ccc(cc4)c5nn[nH]n5)cc1Cl
1,COc1ccc(cc1OC)C2(CCN3CCC(CC3)C(=O)c4nc5ccccc5[nH]4)CCN(C2)C(=O)c6cc(OC)c(OC)c(OC)c6
1,CN(C)CCOC1=Cc2ccccc2Sc3ccc(Cl)cc13
1,CN(CCCCc1c[nH]cn1)CCC(c2ccc(Cl)cc2)c3ccccn3
1,COc1ccc(C[C@H](N2CCC(CN3CCC(CC3)Oc4ccc(Cl)c(Cl)c4)CC2)C(=O)O)cc1
1,OC(=O)C1CN(CCN1)C2CC[C@@]3(C2)Cc4ccccc4Cc5ccccc35
1,CN(C)C[C@@H]1C[C@@H]2[C@@H](O1)c3ccccc3Cc4ccccc24
1,Cc1c(Cl)c(Cl)ccc1OC2CCN(CC3CCN(CC3)[C@@H](Cc4ccccc4)C(=O)O)CC2
1,COc1cc(cc(OC)c1OC)C(=O)N2CCC(CCN3CCC(CC3)C(=O)c4nc5ccccc5n4CCCC(=O)O)(C2)c6ccc(Cl)c(Cl)c6
1,CN(C)CCCN1c2ccccc2CCc3ccc(Cl)cc13
1,OC1(CCN(CCCC(=O)c2ccc(F)cc2)C1)c3ccc(Cl)cc3
1,CN(C)CCCC1CC2N(O1)c3ccccc3Cc4ccccc24
1,COc1cc(cc(OC)c1OC)C(=O)N2CCC(CCN3CCC(CC3)C(=O)c4nc5ccccc5n4Cc6ccc(F)cc6)(C2)c7ccc(cc7)C(F)(F)F
1,CC(C)(CN1CCN(CC1)C2=Cc3ccccc3Cn4ccnc24)C(=O)O
1,OC(=O)C(N1CCCC(CN2CCC(CC2)Oc3ccc(Cl)c(Cl)c3)C1)c4ccccc4
1,COc1ccc(Cn2c(nc3ccccc23)C4CNCCS4)cc1
1,Cn1ccc2C(=C3CCNCC3)c4nccn4CC(=O)c12
1,COC(=O)c1ccc(Cn2c(nc3ccccc23)C(=O)C4CCN(CCC5(CCN(C5)C(=O)c6cc(OC)c(OC)c(OC)c6)c7ccccc7)CC4)cc1
1,CN(C)CC1CC2N(O1)c3ccccc3Cc4cccc(c24)C(F)(F)F
1,Clc1ccc(CC2=NN(C3CCCN(CCCc4ccc(OCCCN5CCCCCC5)cc4)CC3)C(=O)c6ccccc26)cc1
1,CNC(=O)C(CCN1CCC(O)(CC1)c2ccc(Cl)cc2)(c3ccccc3)c4ccccc4
1,CCOc1cc(cc(OCC)c1OCC)C(=O)N2CCC(CCN3CCC(CC3)C(=O)c4nc5ccccc5n4Cc6ccc(F)cc6)(C2)c7ccc(OC)c(OC)c7.OC(=O)\C=C\C(=O)O
1,Cc1ccc(C[C@H](N2CCC(CN3CCC(CC3)Oc4ccc(Cl)c(Cl)c4)CC2)C(=O)O)cc1
1,Clc1ccc(OC2CCN(CC2)C3CCN(CC3)C(=O)c4ccc(cc4)C5=NOC(=O)N5)cc1Cl
1,COc1c(OCCF)cccc1C(=O)C2CCN(CCc3ccc(C)cc3)CC2
1,Clc1ccc2N(C3CCN(CCCN4C(=O)Nc5ccccc45)CC3)C(=O)Nc2c1
1,CN(C)CC1CC2N(O1)c3c(Cl)cccc3Cc4ccccc24
1,COc1ccc(Cn2c(nc3ccccc23)N4CCC(CC4)n5cc(C)cn5)cc1
1,CN1CCN(CC1)C2=Nc3ccccc3Nc4sc(CO)cc24
1,CN1CCC2C(C1)c3ccccc3N2\C=C\c4ccccc4
1,CN(C)CCN(Cc1ccccc1)c2ccccn2
1,Clc1ccc(cc1)N2CCCN(CCCCc3nc4ccccc4s3)CC2
1,NC(=O)N(O)CCC#Cc1ccc(OCCCN2CCN(CC2)[C@H](c3ccccc3)c4ccc(Cl)cc4)cc1
1,C[C@@H]1OC(=O)N([C@H]1c2ccc(F)c(F)c2)C(=O)NCCCN3CCC(CC3)c4ccc(F)cc4
1,Cc1c(Cl)c(Cl)ccc1OC2CCN(CC3CCN(CC3)[C@@](C)(Cc4ccc(F)cc4)C(=O)O)CC2
1,O=C(OCCN1CCCC1)N2c3ccccc3Sc4ccccc24
1,CN(C)C(=O)CN1CCCC(C1)c2nc3ccccc3n2Cc4ccc(F)cc4
1,CN(C1CCOCC1)C2CCN(CC2)c3nc4ccccc4n3Cc5ccc(F)cc5
1,O[C@H](CNC(=O)C1=CNC(=O)c2cc(F)ccc12)CN3CCC(CC3)Oc4ccc(Cl)c(Cl)c4
1,CN1C(=O)C=C(N2CCN(CC\C=C/3\c4ccccc4COc5ccc(CC(=O)O)cc35)CC2)N(C)C1=O
1,OC(=O)C(N1CCC(CN2CCC(CC2)Oc3ccc(Cl)c(Cl)c3)CC1)c4ccccc4
1,Cc1ccc(Cn2c(nc3ccccc23)C4CNCCS4)cc1
1,CN(C)C[C@@H]1CC2[C@H](O1)c3cc(F)ccc3Sc4ccccc24
1,OC(=O)C(N1CCO[C@H](CN2CCC(CC2)Oc3ccc(Cl)c(Cl)c3)C1)c4ccccc4
1,NC(=O)N(O)CCC#C[C@H]1CC[C@H](CN2CCN(CC2)[C@H](c3ccccc3)c4ccc(Cl)cc4)O1
1,OC1(C[C@H]2CC[C@@H](C1)N2CCCCc3nc4ccccc4s3)c5ccc(Cl)cc5
1,CN(C)c1nc(N[C@@H]2CC[C@@H](CC2)NC(=O)c3ccc(F)c(F)c3)nc4ccccc14
1,CN(C)CCC1CC2N(O1)c3ccccc3Cc4ccccc24
1,CN(C)CC1CC2N(O1)c3ccccc3Cc4ccc(F)cc24
1,C[C@H](CC(=O)NC(=N)NCCCc1c[nH]cn1)C2CCCCC2
1,CN(C)C1CC[C@@]2(C1)Cc3ccccc3Cc4ccccc24
1,CN(C)CC1CC2N(O1)c3ccccc3Cc4ncccc24
1,CCOc1cc(CN2CCC(CC2)Nc3oc4ccccc4n3)ccc1Cl
1,NC(=O)N(O)CCC#C[C@@H]1CC[C@@H](CN2CCN(CC2)[C@H](c3ccccc3)c4ccc(Cl)cc4)O1
1,COc1ccc(CC2=NN(C[C@H]3CCCN3CCCCc4ccc(OCCCN5CCCCCC5)cc4)C(=O)c6ccccc26)cc1
1,CN(C1CCN(CC1)c2nc3ccccc3n2Cc4ccc(F)cc4)c5ncccn5
1,CCN(CC)C(=O)N[C@@H]1CN(C)[C@@H]2Cc3c[nH]c4cccc(C2=C1)c34
1,OC(=O)[C@H](Cc1cccc(F)c1)N2CCC(CN3CCC(CC3)Oc4ccc(Cl)c(Cl)c4)CC2
1,OC(=O)Cc1cccc(c1)N2CCC(CN3CCC(CC3)Oc4ccc(Cl)c(Cl)c4)CC2
1,Clc1ccc2C(=C3CCNCC3)c4ncccc4CCc2c1
1,CN(C)c1cc(C)nc(N[C@@H]2CC[C@@H](CC2)NC(=O)c3ccc(Cl)c(Cl)c3)n1
1,COc1ccc2C(=C(CCN(C)C)Cc2c1)[C@@H](C)c3nccnc3OC
1,COC(=O)N(O)CCC#Cc1ccc(OCCCCN2CCN(CC2)C(c3ccc(F)cc3)c4ccc(F)cc4)cc1
1,Fc1ccc(SCCCN2CCCN(CC2)c3ccc(Cl)cc3)cc1
1,CN1C(=O)COc2cc3CCN(CCCSc4nnc(c5cccc6nc(C)ccc56)n4C)CCc3cc12
1,OC(=O)C1CCN(CC1)C2CC[C@@]3(C2)Cc4ccccc4Cc5ccccc35
1,CN1CCC[C@@H]1CN2N=C(CC3CCCCC3)c4ccccc4C2=O
1,NC(=O)C1CCN(CCCN2c3ccccc3Sc4ccc(Cl)cc24)CC1
1,CN(C)CCC1=C(Cc2cccnn2)c3ccc(F)cc3C1
1,CC(c1ccccn1)c2c(CCN(C)C)sc3ccccc23
1,FC(F)(F)c1cccc(c1)S(=O)(=O)NC(=O)N2CCC(CC2)N3CCC(CC3)Oc4ccc(Cl)c(Cl)c4
1,CN1CCC[C@@H]1CN2N=C(Cc3cccc(F)c3)c4ccccc4C2=O
1,Cc1c(Cl)c(Cl)ccc1OC2CCN(CC3CCN(CC3)[C@@](C)(Cc4ccccc4)C(=O)O)CC2
1,OCCOCCN1CCN(CC1)C2=Nc3ccccc3Sc4ccccc24
1,C[C@H](c1cccnc1F)c2c(CCN(C)C)sc3ccccc23
1,CC(CCSc1nnc(c2cccc3nc(C)ccc23)n1C)N4CCc5cc6nc(oc6c(Br)c5CC4)C(F)(F)F
1,CCCCN1CCC[C@@H]1CN2N=C(Cc3ccc(Cl)cc3)c4cnccc4C2=O
1,OC(=O)CCNc1ccccc1C(=O)N2CCC(CC2)N3CCC(CC3)Oc4ccc(Cl)c(Cl)c4
1,COc1cccc(CC2=NN(C[C@H]3CCCN3C)C(=O)c4ccccc24)c1
1,C1CN(CCN1)C2=Cc3ccccc3Cn4ccnc24
1,OC(=O)C1=CCCN(C1)C2CCC3(C2)Cc4cc(F)ccc4Cc5ccccc35
1,CN1CCC[C@@H]1CN2N=C(Cc3ccc(C)cc3)c4ccccc4C2=O
1,CCN(CC)CC1CC2N(O1)c3ccccc3Cc4ccccc24
1,OC(=O)CCCS(=O)(=O)c1cccc(c1)C(=O)N2CCC(CC2)N3CCC(CC3)Oc4ccc(Cl)c(Cl)c4
1,CN(C)CC1CC2N(O1)c3cc(Cl)ccc3Cc4ccccc24
1,CN1CCN(CC2C[C@H]3[C@H](O2)c4ccccc4Sc5ccccc35)CC1
1,NCC1CC2N(O1)c3ccccc3Cc4ccccc24
1,CN(C)C[C@@H]1CC2[C@H](O1)c3cc(Cl)ccc3Oc4ccccc24
1,OC(=O)C1=CCCN(C1)C2CCC3(C2)Cc4ccccc4Oc5ccccc35
1,CN(C)CC1CC2N(O1)c3cc(C)ccc3Cc4ccccc24
1,COc1ccc(CC2=NN(C[C@H]3CCCN3C)C(=O)c4ccccc24)cc1
1,CC(C#Cc1oc(CN2CCN(CC2)[C@H](c3ccccc3)c4ccc(Cl)cc4)cc1)N(O)C(=O)N
1,CN1CCc2c(C1)c3cc(F)ccc3n2CCc4ccccc4
1,C(COc1ccccc1)CN2CCN(CC2)c3ccccc3
1,CN1CCC[C@@H]1CCO[C@](C)(c2ccccc2)c3ccc(Cl)cc3
1,CN(C1CCCCC1)C2CCN(CC2)c3nc4ccccc4n3Cc5ccc(F)cc5
1,C(c1ccccc1)c2ccccc2OC3CCNCC3
1,Cc1c(Cl)ccc(OC2CCN(CC2)C3CCN(CC3)C(=O)c4cccc(c4)S(=O)(=O)C)c1Cl
1,CN(CCO)C1CCN(CC1)c2nc3ccccc3n2Cc4ccc(F)cc4
1,Cc1ccc(CCCCN2CCC(CC2)C(O)(c3ccccc3)c4ccccc4)cc1
1,Fc1ccc(cc1)C(=O)CCCN2CCN(CC2)c3ccc(Cl)cc3
1,OCCN1CCN(CC1)c2ncnc3sccc23
1,Cl.Cl.NC(=O)c1cnc2n1CCc3ccccc3C24CCNCC4
1,CN(C)C[C@H]1CC2[C@H](O1)c3cc(F)ccc3Sc4ccccc24
1,CN(C)C1CCN(CC1)c2nc3ccccc3n2Cc4ccc(F)cc4
1,CN1CCCCC(C1)N2N=C(Cc3ccc(Cl)cc3)c4ccccc4C2=O
1,Cc1ccc(CCCCN2CCC(CC2)C(O)c3ccccc3)cc1
1,NCc1ccc2c(c1)c(cn2c3ccc(F)cc3)C4CCN(CCN5CCNC5=O)CC4
1,CN(C)CCC1=C(Cc2ncccn2)c3ccccc3C1
1,CN1CCN(CC1)[C@H]2Cc3ccccc3Sc4ccc(CNC(=O)C)cc24
1,OC(=O)C1CCC(CC1)N2CCN(CC2)C3=Cc4ccccc4Cn5ccnc35
1,Fc1ccc(Cn2c(nc3ccccc23)[C@H]4CNCCO4)cc1
1,Cc1c(Cl)ccc(OC2CCN(CC3CCN(CC3)[C@@H](Cc4ccc(F)cc4)C(=O)O)CC2)c1Cl
1,Clc1ccc2C(=C3CCN(CC3)C(=O)CC4CCCCC4)c5ncccc5CCc2c1
1,Fc1ccc2c(noc2c1)C3CCN(CCCCNS(=O)(=O)c4cc5ccccc5s4)CC3
1,CNCCC1c2ccccc2Cc3ccccc13
1,C[C@@](Cc1ccccc1)(N2CCC(CN3CCC(CC3)Oc4ccc(Cl)c(Cl)c4)CC2)C(=O)O
1,Cc1cc(Cl)ccc1OC2CCN(C[C@H](O)CNC(=O)C3=CNC(=O)C=C3C(F)(F)F)CC2
1,CC(c1ccc(C)nc1)c2c(CCN(C)C)sc3ccccc23
1,Cc1ccc(CN2CCC(CC2)C(O)(c3ccccc3)c4ccccc4)cc1
1,CCCCN1CCC[C@@H]1CN2N=C(Cc3ccc(Cl)cc3)c4ncccc4C2=O
1,CCCCN1CCC[C@@H]1CN2N=C(Cc3ccc(Cl)cc3)c4cccnc4C2=O
1,CC(C)CC(=O)N1CCC(=C2c3ccc(Cl)cc3CCc4cccnc24)CC1
1,NCCc1c[nH]c(CCC(c2ccccc2)c3ccccc3)n1
1,CCOCCn1c(nc2ccccc12)C(=O)C3CCN(CCC4(CCN(C4)C(=O)c5cc(OC)c(OC)c(OC)c5)c6ccccc6)CC3
1,CN(C(=O)N1CCC(CC1)N2CCC(CC2)Oc3ccc(Cl)c(Cl)c3)S(=O)(=O)c4ccc(C)cc4
1,COc1cc(cc(OC)c1OC)C(=O)N2CCC(CCN3CCC(CC3)C(=O)c4nc5ccccc5n4CCN6CCOCC6)(C2)c7ccc(Cl)c(Cl)c7
1,CN1C(=O)C=C(NCCCN2CCC(CC2)Oc3ccc(Cl)c(Cl)c3)N(C)C1=O
1,CN(C)CC1CC2N(O1)c3cc(ccc3Cc4ccccc24)c5ccccc5
1,C[C@H](C1=C(CCN(C)Cc2ccccn2)Cc3ccccc13)c4cnccn4
1,FC1(F)CCN(CCC2=C(Cc3cnccn3)c4ccccc4C2)C1
1,Fc1ccc(OCCCN2CCN(CC2)c3ccccn3)cc1
1,NC[C@@H]1C[C@@H]1c2c[nH]cn2
1,Fc1ccc(cc1)C(=O)C2CCN(CCN3C(=O)Nc4ccccc4C3=O)CC2
1,CN1CCC[C@@H]1CN2N=C(Cc3ccc(O)cc3)c4ccccc4C2=O
1,CN1CCN(CC1)[C@@H]2Cc3ccccc3Sc4ccc(Cl)cc24
1,COc1cc(cc(OC)c1OC)C(=O)N2CCC(CCN3CCC(CC3)C(=O)c4nc5ccccc5n4Cc6ccc(F)cc6)(C2)c7ccc(Cl)c(Cl)c7
1,C[C@H](C1=C(CCN(C)Cc2ccncc2)Cc3ccccc13)c4cnccn4
1,OC(=O)c1ccc(CCCCN2CCC(CC2)C(O)(c3ccccc3)c4ccccc4)cc1
1,Cc1cc(Cl)ccc1OC2CCN(C[C@H](O)CNC(=O)c3c[nH]nc3C(F)(F)F)CC2
1,Clc1ccc(CC2=NN(C[C@H]3CCCN3CCCCc4ccc(OCCCN5CCCCCC5)cc4)C(=O)c6ccncc26)cc1
1,C(Cn1c(nc2ccccc12)C3CCCNC3)Oc4ccccc4
1,FC(F)(F)c1ccc2Sc3ccccc3N(CCCN4CCN(CCOC(=O)c5ccc(OCCCN6CCCCC6)cc5)CC4)c2c1
1,C\C=C\C(=O)N1CCC(=C2c3ccc(Cl)cc3CCc4cccnc24)CC1
1,OC1(CC2CCC(C1)N2CCCSc3ccc(F)cc3)c4ccc(Cl)cc4
1,CCOCCn1c(nc2ccccc12)N3CC[C@@H](C3)N(C)C
1,CNC(=O)C1=C(C)NC(=C(C1c2ccc(cc2)[N+](=O)[O-])C(=O)NCCCN3CCC(CC3)(C(=O)OC)c4ccccc4)C
1,CN(C)CCCC(c1ccccc1)c2ccccc2
1,CN1CCc2c(C1)c3cc(C)ccc3n2CCc4ccccn4
1,O[C@H](CNS(=O)(=O)c1cccc(c1)C#N)CN2CCC(CC2)Oc3ccc(Cl)c(Cl)c3
1,CN(C)CC1(C)CC2N(O1)c3ccccc3Cc4ccccc24
1,CN1CCC[C@@H]1CN2N=C(Cc3cccc(Cl)c3)c4ccccc4C2=O
1,COc1cc(cc(OC)c1OC)C(=O)N2CCC(CCN3CCC(CC3)C(=O)c4nc5ccccc5n4CCOCc6occc6)(C2)c7ccccc7
1,Cc1cc(Cl)ccc1OC2CCN(C[C@H](O)CNC(=O)C3=CNC(=O)c4cc(ccc34)S(=O)(=O)C)CC2
1,COc1ccc2C(=C(CCN(C)C)Cc2c1)[C@@H](C)c3nccs3
1,Cc1nc2C(=Cc3ccccc3Cn2c1C)N4CCN(CC(C)(C)C(=O)O)CC4
1,COc1ccc(CCn2c3CCN(C)Cc3c4cc(C)ccc24)cc1
1,CNS(=O)(=O)c1ccc2C(=CNC(=O)c2c1)C(=O)NC[C@@H](O)CN3CCC(CC3)Oc4ccc(Cl)c(Cl)c4
1,CN1C[C@H](CNC(=O)OCc2ccccc2)C[C@H]3[C@H]1Cc4cn(C)c5cccc3c45
1,CC1=C([C@H](CC(=O)N1)c2ccc(F)c(F)c2)C(=O)NCCCN3CCC(CC3)(C#N)c4ccc(F)cc4C#N
1,OC(=O)[C@H]1[C@@H]2CN(C[C@H]12)C3CCC4(C3)Cc5ccccc5Cc6ccccc46
1,COCCN1CCC[C@@H]1CN2N=C(Cc3ccc(Cl)cc3)c4cccnc4C2=O
1,COc1cc(cc(OC)c1OC)C(=O)N2CCC(CCN3CCC(CC3)C(=O)c4nc5ccccc5n4Cc6ccc(F)cc6)(C2)c7ccc(Cl)c(Cl)c7.OC(=O)\C=C\C(=O)O
1,Fc1ccc(Cn2c(nc3ccccc23)N4CCC(CC4)n5cccn5)cc1
1,Fc1ccc(OCCCN2CCN(CC2)c3ccccc3)cc1
1,CC(C)(C)c1ccc(cc1)C(=O)CCCN2CCC(CC2)OC(c3ccccc3)c4ccccc4
1,CS(=O)(=O)c1cccc(c1)C(=O)N2CCC(CC2)N3CCC(CC3)Oc4ccc(Cl)c(Cl)c4
1,Clc1ccc(OC2CCN(CC2)C3CCN(CC3)C(=O)NS(=O)(=O)c4cccc(c4)C#N)cc1Cl
1,COc1nccnc1CC2=C(CCN(C)C)Cc3ccccc23
1,Cc1c(Cl)ccc(OC2CCN(C[C@H](O)CNC(=O)C3=CNC(=O)c4ccc(cc34)S(=O)(=O)C)CC2)c1Cl
1,NCCC1c2ccccc2Cc3ccccc13
1,CN1CCN(CC1)[C@H]2Cc3ccccc3Sc4ccc(Cl)cc24
1,C[C@@H](CC(=O)NC(=N)NCCCc1c[nH]cn1)c2ccccc2
1,O[C@H](CNC(=O)C1=CNC(=O)c2cc(ccc12)S(=O)(=O)N3CCC3)CN4CCC(CC4)Oc5ccc(Cl)c(Cl)c5
1,OC(=O)CC1CCN(C1)C2CC[C@@]3(C2)Cc4ccccc4Cc5ccccc35
1,CN(C)CCC1=C(Cc2cccnn2)c3ccccc3C1
1,O[C@H](CNC(=O)C1=CNC(=O)C=C1C(F)(F)F)CN2CCC(CC2)Oc3ccc(Cl)c(Cl)c3
1,CN1CCC2C(C1)c3cccc4SCc5ccccc5N2c34
1,CN(C)c1nc(N[C@@H]2CC[C@@H](CC2)NC(=O)c3ccc(C)cc3)ncc1C
1,OC(=O)Cc1ccc2OCc3ccccc3\C(=C\CN4CCC(Cc5ccccc5)CC4)\c2c1
1,CN(C)CC1CC2N(O1)c3ccccc3Cc4c(F)cccc24
1,COc1cc(cc(OC)c1OC)C(=O)N2CCC(CCN3CCC(CC3)C(=O)c4nc5ccccc5n4Cc6ccc(F)cc6)(C2)c7ccc8OCOc8c7.CS(=O)(=O)O
1,CN1C(=O)C=C(N2CCCN(CCCN3c4ccccc4Sc5ccc(CCC(=O)O)cc35)CC2)N(C)C1=O
1,CN(C)CCC(c1ccc(Cl)cc1)c2ccccn2
1,OC(=O)C(=C)CN1CCN(CC1)C2=Cc3ccccc3Cn4ccnc24
1,C[C@@H](c1ccccn1)c2c(CCN(C)C)oc3ccccc23
1,N[C@H]1C[C@@H]1c2c[nH]cn2
1,CN1CCN(CC1)C(c2ccccc2)c3ccccc3
1,CN(C)CC1C[C@H]2[C@H](O1)c3ccccc3COc4ccccc24
1,COc1ccc(CCN2CCC(=Nc3nc4ccccc4n3Cc5ccc(F)cc5)CC2)cc1
1,O[C@H](CNC(=O)c1c[nH]nc1C2CC2)CN3CCC(CC3)Oc4ccc(Cl)c(Cl)c4
1,Fc1ccc(Cn2c(nc3ccccc23)N4CCC(CC4)n5cccc5)cc1
1,COc1c(OCCF)cccc1C(=O)C2CCN(CCc3ccc(F)cc3)CC2
1,OC(=O)c1cccnc1N2CCC(CN3CCC(CC3)Oc4ccc(Cl)c(Cl)c4)CC2
1,O[C@H](CNC(=O)C1=CNC(=O)c2cc(ccc12)S(=O)(=O)NC3CC3)CN4CCC(CC4)Oc5ccc(Cl)c(Cl)c5
1,OC(=O)c1cccc(c1)N2CCC(CN3CCC(CC3)Oc4ccc(Cl)c(Cl)c4)CC2
1,CN(C)CC1C[C@H]2[C@H](O1)c3ccccc3Sc4ccccc24
1,COC(=O)c1ccccc1OCCCn2c(nc3ccccc23)C(=O)C4CCN(CCC5(CCN(C5)C(=O)c6cc(OC)c(OC)c(OC)c6)c7ccccc7)CC4
1,Fc1ccc(Cn2c(nc3ccccc23)N4CCC(CC4)N5CCCCC5=O)cc1
1,CN(CC1CCOCC1)C2CCN(CC2)c3nc4ccccc4n3Cc5ccc(F)cc5
1,Cc1ccc(cc1)S(=O)(=O)NC(=O)N2CCC(CC2)N3CCC(CC3)Oc4ccc(Cl)cc4Cl
1,CN1CCN(CC1)C2Cc3ccccc3Sc4ccc(Cl)cc24
1,COc1cc2OC[C@H]3[C@H](CN4CCN(C\C(=C\c5ccccc5)\C)CC4)ON=C3c2cc1OC
1,CN(C)CCOC(c1ccccc1)c2ccccc2C
1,CN(C)c1ccc(cc1)S(=O)(=O)NC(=O)N2CCC(CC2)N3CCC(CC3)Oc4ccc(Cl)c(C)c4Cl
1,OC1(CCN(CCCOc2ccc(F)cc2)CC1)c3ccc(Cl)cc3
1,OC(=O)Cc1ccc2OCc3ccccc3\C(=C/CN4CCCC(Cc5ccccc5)C4)\c2c1
1,CN1CCc2c(C1)c3cc(ccc3n2CCc4ccccc4)C(F)(F)F
1,CN1CCc2c(C1)c3cc(F)ccc3n2CCc4cccnc4
1,CN1C(=O)C[C@@H](C(=C1C)C(=O)NCCCN2CCC(CC2)(C#N)c3ccc(F)cc3F)c4ccc(F)c(F)c4
1,CN(C)CCc1sc2ccccc2c1Cc3cnccn3
1,OC(=O)COc1cccc(c1)N2CCC(CN3CCC(CC3)Oc4ccc(Cl)c(Cl)c4)CC2
1,CN(CCc1ccccc1)C2CCN(CC2)c3nc4ccccc4n3Cc5ccc(F)cc5
1,OC(=O)CC1CCN(CC1)C2CCC3(C2)Cc4ccccc4Cc5ccccc35
1,COc1cc(cc(OC)c1OC)C(=O)N2CCC(CCN3CCC(CC3)C(=O)c4nc5ccccc5n4Cc6ccc(F)cc6)(C2)c7ccccc7
1,C[C@@H](c1ccccn1)c2c(CCN(C)C)sc3ccccc23
1,CN1C(=O)C=C(N2CCN(CC\C=C/3\c4ccccc4COc5ccc(cc35)C(=O)O)CC2)N(C)C1=O
1,NC(=O)N(O)CCC#Cc1ccc(OCCN2CCN(CC2)[C@H](c3ccccc3)c4ccc(Cl)cc4)cc1
1,CN1CCc2c(C1)c3cc(F)ccc3n2CCc4ccccn4
1,CN(C)CCN1N=C(Cc2ccc(Cl)cc2)c3ccccc3C1=O
1,CN1CCc2c(C1)c3cc(C)ccc3n2CCc4ccc(F)cc4
1,NC(=O)N(O)CCC#Cc1ccc(OCCCCN2CCN(CC2)C(c3ccc(F)cc3)c4ccc(F)cc4)cc1
1,Clc1ccc(cc1)N2CCCN(CCCc3nc4ccccc4s3)CC2
1,COc1ccc(CCN2CCC(CC2)C(=O)c3nc4ccccc4n3Cc5ccc(F)cc5)cc1
1,CN(C)CCC1=C(Cc2nccnc2C)c3ccccc3C1
1,CCOc1cc(CN2CCC(CC2)Nc3oc4ccc(NC(=O)C5CCC5)cc4n3)ccc1OC
1,CC1(C)CCCN(CCCOc2ccc(cc2)C3CCN(CC3)C(=O)c4ccc(CCC(=O)O)c5ccccc45)C1
1,CN1CCc2c(C1)c3ccccc3n2\C=C/c4ccccc4
1,COc1ccc(cc1)S(=O)(=O)NC(=O)N2CCC(CC2)N3CCC(CC3)Oc4ccc(Cl)c(Cl)c4
1,CN(C)CC1CC2N(O1)c3ccccc3Cc4ccccc24
1,Cc1cc2C(=Nc3ccccc3Nc2s1)N4CCNCC4
1,CN(C)CCC1=C(Cc2cnc(C)cn2)c3ccccc3C1
1,Fc1ccc(cc1)C(=O)CCCN2C3CCC2CC(C3)c4ccccc4
1,CC(c1nccs1)c2c(CCN(C)C)sc3ccccc23
1,Clc1ccc(cc1)N2CCCN(CCCCC(=O)c3nc4ccccc4s3)CC2
1,OC(=O)CCN1CCN(CC1)C2=Cc3ccccc3Cn4ccnc24
1,CCCCN1CCC[C@@H]1CN2N=C(Cc3ccc(Cl)cc3)c4ccccc4C2=O
1,Oc1ccc(CC2=NN(C[C@H]3CCCN3CCCCc4ccc(OCCCN5CCCCCC5)cc4)C(=O)c6ccccc26)cc1
1,OC(=O)c1cccc(CN2CCC(CN3CCC(CC3)Oc4ccc(Cl)c(Cl)c4)CC2)c1
1,CCOCCn1c(nc2ccccc12)C(=O)C3CCN(CCC4(CCN(C4)C(=O)c5cc(OC)c(OC)c(OC)c5)c6ccc(Cl)c(Cl)c6)CC3
1,COc1ccc(Cn2c(nc3ccccc23)N4CC[C@H](C4)N(C)C)cc1
1,COc1ccc(Cn2c(nc3ccccc23)N4CCC(CC4)NCC5CCOCC5)cc1
1,OC(=O)C1=CCCN(C1)C2CC[C@]3(C2)Cc4ccccc4Cc5ccccc35
1,CN1C(=O)C=C(N2CCCN(CC\C=C/3\c4ccccc4CCc5ccc(cc35)C(=O)O)CC2)N(C)C1=O
1,N[C@@H]1C[C@H]1c2c[nH]cn2
1,OCCNS(=O)(=O)c1ccc2C(=CNC(=O)c2c1)C(=O)NC[C@@H](O)CN3CCC(CC3)Oc4ccc(Cl)c(Cl)c4
1,CN1C(=O)C=C(N2CCN(CCCN3c4ccccc4Sc5ccc(cc35)C(=O)O)CC2)N(C)C1=O
1,CN(C)c1nc(N[C@@H]2CC[C@@H](CC2)NC(=O)c3ccc(Cl)cc3)ncc1C
1,CSc1ccc2Sc3ccccc3N(CCC4CCCCN4C)c2c1
1,COc1ccccc1N2CCN(Cc3cc(CN4CCN(CC4)c5ccc(Cl)cc5)c6cccccc36)CC2
1,CN1CCC[C@H](C1)c2nc3ccccc3n2Cc4ccc(F)cc4
1,O=C(N1CCN(CCOC(c2ccccc2)c3ccccc3)CC1)c4cc5ccccc5[nH]4
1,CCc1noc2cc3CCN(CCCSc4nnc(c5cccc6nc(C)ccc56)n4C)CCc3cc12
1,Clc1ccc(OC2CCN(CC2)C3CCN(CC3)C(=O)NS(=O)(=O)c4ccccc4)cc1Cl
1,C[C@H](C1=C(CCN(C)CCC(F)(F)F)Cc2ccccc12)c3cnccn3
1,C(CCCCc1c[nH]cn1)CCCN2CCCC2
1,NCCc1c[nH]cn1
1,CN(C)C[C@H]1C[C@H]2[C@H](O1)c3cc(F)ccc3Sc4ccccc24
1,CN1CCC(=C2c3ccccc3C=Cc4ccccc24)CC1
1,CC1CCC(CCCCN2CCC(CC2)C(O)(c3ccccc3)c4ccccc4)CC1
1,CN1C(=O)C=NN(CCCCN2CCN(CC2)c3ccccc3OCCF)C1=O
1,Clc1ccc(OC2CCN(CC2)C3CCN(CC3)S(=O)(=O)NC(=O)c4ccccc4)cc1Cl
1,CC1=C([C@H](CC(=O)N1)c2ccc(F)c(F)c2)C(=O)NCCCN3CCC(CC3)(C#N)c4ccc(F)cc4F
1,CN1C(=O)C=C(N2CCCN(CCCN3c4ccccc4CCc5ccc(cc35)C(=O)O)CC2)N(C)C1=O
1,FC1CCN(CCC2=C(Cc3cnccn3)c4ccccc4C2)C1
1,CN(C)CC1CC2N(O1)c3cc(Cl)ccc3Oc4ccccc24
1,COc1ccc(CN(CCN[C@H]2CCN(C2)C(=O)c3cc4ccccc4[nH]3)c5ccccn5)cc1
1,CN(C)CCC=C1c2ccccc2CCc3ccccc13
1,C(CCc1ccccc1)CNCC2c3ccccc3Cc4ccccc24
1,OC(=O)c1cccc(c1)C(=O)N2CCC(CC2)N3CCC(CC3)Oc4ccc(Cl)c(Cl)c4
1,O[C@H](CNC(=O)c1cccc(c1)C#N)CN2CCC(CC2)Oc3ccc(Cl)c(Cl)c3
1,C[C@H](c1cccnc1Cl)c2c(CCN(C)C)sc3ccccc23
1,NC(=O)N(O)CCC#Cc1ccc(OCCN2CCN(CC2)C(c3ccc(F)cc3)c4ccc(F)cc4)cc1
1,CN(C)CCN(C)C1CCN(CC1)c2nc3ccccc3n2Cc4ccc(F)cc4
1,C[C@@H](c1ccc(F)cn1)c2c(CCN(C)C)sc3ccccc23
1,CN1C(=O)C=C(N2CCCN(CCCN3c4ccccc4Sc5ccc(cc35)C(=O)O)CC2)N(C)C1=O
1,CN(C)CC1CC2N(O1)c3cccc(C)c3Cc4ccccc24
1,FC1CN(CCC2=C(Cc3cnccn3)c4ccccc4C2)C1
1,OC(=O)[C@H](Cc1ccccc1Cl)N2CCC(CN3CCC(CC3)Oc4ccc(Cl)c(Cl)c4)CC2
1,ON(CCC#Cc1ccc(OCCCCN2CCN(CC2)C(c3ccc(F)cc3)c4ccc(F)cc4)cc1)C(=O)OCc5ccccc5
1,Cc1ccc(cc1)S(=O)(=O)NC(=O)N2CCC(CC2)N3CCC(CC3)Oc4ccc(Cl)c(Cl)c4
1,COCCN1CCC[C@@H]1CN2N=C(Cc3ccc(Cl)cc3)c4ccccc4C2=O
1,Cc1ccc(CCCN2CCC(CC2)C(O)(c3ccccc3)c4ccccc4)cc1
1,CN1CCc2c(C1)c3cc(C)ccc3n2CCc4cccnc4
1,CC1=C([C@H](CC(=O)N1)c2ccc(F)c(F)c2)C(=O)NCCCN3CCC(CC3)(C#N)c4ccc(F)cc4
1,COc1cc(cc(OC)c1OC)C(=O)N2CCC(CCN3CCC(CC3)C(=O)c4nc5ccccc5n4Cc6ccc(F)cc6)(C2)c7ccccc7.OC(=O)\C=C\C(=O)O
1,Cc1cc(Cl)ccc1OC2CCN(C[C@H](O)CNC(=O)C3=CNC(=O)c4ccc(cc34)S(=O)(=O)C)CC2
1,C(Cn1c(nc2ccccc12)C3CCCN(Cc4occn4)C3)Oc5ccccc5
1,Clc1cccc(N2CCN(CCCCOc3ccc4CCC(=O)Nc4c3)CC2)c1Cl
1,CN(C)CCSc1nc2ccccc2c3nnnn13
1,COc1cc(cc(OC)c1OC)C(=O)N2CCC(CCN3CCC(CC3)C(=O)c4nc5ccccc5n4Cc6ccccn6)(C2)c7ccc(Cl)c(Cl)c7
1,CN(C)C[C@H]1CC2[C@H](O1)c3cc(F)ccc3Oc4ccccc24
1,CN(C)CCC(c1ccccc1)c2ccccc2
1,OC(=O)c1ccc(CN2CCC(CN3CCC(CC3)Oc4ccc(Cl)c(Cl)c4)CC2)cc1
1,COc1ccc(cc1)C2(CCN3CCC(CC3)C(=O)c4nc5ccccc5n4Cc6ccccn6)CCN(C2)C(=O)c7cc(OC)c(OC)c(OC)c7
1,CN(C)c1nc(N[C@@H]2CC[C@@H](CC2)NC(=O)c3ccc(F)cc3)ncc1C
1,Clc1cccc(c1)N2CCN(CCCN3N=C4C=CC=CN4C3=O)CC2
1,O[C@H](CNC(=O)c1c[nH]nc1C(F)(F)F)CN2CCC(CC2)Oc3ccc(Cl)c(Cl)c3
1,CCCCC(=O)N1CCC(=C2c3ccc(Cl)cc3CCc4cccnc24)CC1
1,CN1CCC[C@@H]1CN2N=C(Cc3ccc(F)cc3)c4ccccc4C2=O
1,CN(C)CCC1=C(Cc2cncc(C)n2)c3ccccc3C1
1,Cl.Cc1ccc(Sc2ccccc2N3CCNCC3)c(C)c1
1,C[C@H](C1=C(CCN(C)C)Cc2ccccc12)c3ccccn3
1,COc1cc(cc(OC)c1OC)C(=O)N2CCC(CCN3CCC(CC3)C(=O)c4nc5ccccc5[nH]4)(C2)c6ccccc6
1,NC(=O)c1ccccc1OCCCN2CCN(CC2)c3cccc4c3ccn4S(=O)(=O)c5ccccc5
1,C[C@H](c1c(CCN(C)C)sc2ccccc12)n3cccn3
1,CN1C(=O)C=C(N2CCCN(CCCN3c4ccccc4CCc5ccc(cc35)C(C)(C)C(=O)O)CC2)N(C)C1=O
1,Clc1cccc(c1)N2CCN(CC3C[C@H]4[C@H](O3)c5ccccc5Cc6ccccc46)CC2
1,CN1CCC[C@@H]1CN2N=C(CCc3ccccc3)c4ccccc4C2=O
1,CN1C=C(C(=O)NC[C@@H](O)CN2CCC(CC2)Oc3ccc(Cl)c(Cl)c3)C(=CC1=O)C(F)(F)F
1,Cc1cc(Cl)ccc1OC2CCN(CC3CCN(CC3)[C@@H](Cc4ccc(F)cc4)C(=O)O)CC2
1,CCCCCC1=NN(C[C@H]2CCCN2C)C(=O)c3ccccc13
1,CN1C(=O)C=C(N2CCCN(CCCN3c4ccccc4COc5ccc(cc35)C(=O)O)CC2)N(C)C1=O
1,Clc1ccc(OC2CCN(CC2)C3CCN(CC3)C(=O)C4=CNC(=O)c5ccccc45)cc1Cl
1,CN(C)CC1CC2N(O1)c3ccccc3Cc4c2cccc4C(F)(F)F
1,C(C1C[C@H]2[C@H](O1)c3ccccc3Cc4ccccc24)N5CCOCC5
1,CN1CCC[C@@H]1CN2N=C(Cc3ccc(F)c(F)c3)c4ccccc4C2=O
1,CCOC(=O)CCCn1c(nc2ccccc12)C(=O)C3CCN(CCC4(CCN(C4)C(=O)c5cc(OC)c(OC)c(OC)c5)c6ccc(Cl)c(Cl)c6)CC3
1,C[C@H](C1=C(CCN(C)CCF)Cc2ccccc12)c3cnccn3
1,CCOc1ccc(CC2=NN(C[C@H]3CCCN3C)C(=O)c4ccccc24)cc1
1,CS(=O)(=O)c1ccccc1C(=O)NC[C@@H](O)CN2CCC(CC2)Oc3ccc(Cl)c(Cl)c3
1,COc1cccc(c1)N2CCN(CCCCN3N=CC(=O)N(C)C3=O)CC2
1,OC(=O)C(N1CCC(CC1)N2CCC(CC2)Oc3ccc(Cl)c(Cl)c3)c4ccccc4
1,Cc1ncc(CCN)[nH]1
1,Cc1cn2Cc3ccccc3C=C(N4CCN(CC(C)(C)C(=O)O)CC4)c2n1
1,CN1CCC[C@@H]1CN2N=C(Cc3cccc(C)c3)c4ccccc4C2=O
1,OC(=O)[C@H](Cc1ccccc1)N2CCC(CN3CCC(CC3)Oc4ccc(Cl)c(Cl)c4)CC2
1,C[C@H](C1=C(CCN(C)C)Cc2ccccc12)c3nc(C)cs3
1,Fc1ccc(Cn2c(nc3ccccc23)[C@@H]4CCCNC4)cc1
1,COC(=O)c1ccc(Cn2c(nc3ccccc23)C(=O)C4CCN(CCC5(CCN(C5)C(=O)c6cc(OC)c(OC)c(OC)c6)c7ccc(OC)c(OC)c7)CC4)cc1
1,COc1cc(cc(OC)c1OC)C(=O)N2CCC(CCN3CCC(CC3)C(=O)c4nc5ccccc5n4Cc6occc6)(C2)c7ccccc7
1,CN1CCN(CC1)c2nc(NCc3cocc3)c4cc(Cl)ccc4n2
1,NCCc1c[nH]c(n1)c2cccc(Br)c2
1,Cc1cc(Cl)ccc1OC2CCN(CC3CCN(CC3)[C@@](C)(Cc4ccc(F)cc4)C(=O)O)CC2
1,CN1CCc2c(C1)c3cc(F)ccc3n2CCc4ccc(C)cc4
1,NC(=O)N(O)CCC#Cc1ccc(OCCCN2CCC(=C3c4ccc(Cl)cc4CCc5cccnc35)CC2)cc1
1,CC(C)(C(=O)O)c1ccc(cc1)C(O)CCCN2CCC(CC2)C(O)(c3ccccc3)c4ccccc4
1,CN(C)CCC=C1c2ccccc2COc3ccccc13
1,CN(C)CCCC1(OCc2cc(ccc12)C#N)c3ccc(F)cc3
1,OC(=O)C1(O)CCN(CC1)C2CCC3(C2)Cc4ccccc4Cc5ccccc35
1,OC1(CCN(CCCC(=O)c2ccc(F)cc2)CC1)c3ccc(Cl)cc3
1,COc1ccc(cn1)C(C)c2c(CCN(C)C)sc3ccccc23
1,COc1cc(cc(OC)c1OC)C(=O)N2CCC(CCN3CCC(CC3)C(=O)c4nc5ccccc5n4CCCCOc6ccccc6C(=O)O)(C2)c7ccccc7
1,CN1CCc2c(C1)c3cc(C)ccc3n2CCc4cnccn4
1,CC1(CCN(C1)C2CC[C@@]3(C2)Cc4ccccc4Cc5ccccc35)C(=O)O
1,Fc1ccc(Cn2c(nc3ccccc23)[C@H]4CNCCS4)cc1
1,Clc1ccc(CC2=NN(CCNCCCCc3ccc(OCCCN4CCCCCC4)cc3)C(=O)c5ccccc25)cc1
1,Fc1ccc(cc1)C(=O)CCCN2CCN(CC2)c3ncccn3
1,CCCC(=O)N1CCC(=C2c3ccc(Cl)cc3CCc4cccnc24)CC1
1,COc1c(OCCF)cccc1C(O)C2CCN(CCc3ccc(F)cc3)CC2
1,Fc1ccc(OCCCN2CCCN(CC2)c3ccc(Cl)cc3)cc1
1,O[C@H](CNC(=O)C1=CNC(=O)c2ccccc12)CN3CCC(CC3)Oc4ccc(cc4)C#N
1,C[C@@H](CC(=O)NC(=N)NCCCc1c[nH]cn1)C2CCCCC2
1,CN(C)C[C@@H]1C[C@H]2N(O1)c3ccccc3Cc4ccccc24
1,N[C@H]1C[C@H]1c2c[nH]cn2
1,OC(=O)[C@@H]1CCCN(C1)C2CCC3(C2)Cc4ccccc4Oc5ccccc35
1,CN(C)CC1C[C@@H]2[C@H](O1)c3ccccc3Oc4ccccc24
1,C[C@H](C1=C(CCN(C)Cc2cccs2)Cc3ccccc13)c4cnccn4
1,Clc1ccc2Nc3ccccc3C(=Nc2c1)N4CCN(Cc5ccc(OCCCN6CCCCC6)cc5)CC4
1,OC(=O)C1(F)CCN(CC1)C2CCC3(C2)Cc4ccccc4Oc5ccccc35
1,CN(C)C(=O)CN1CCCC(C1)c2nc3ccccc3n2CCOc4ccccc4
1,Clc1ccc2Oc3ccccc3N=C(N4CCNCC4)c2c1
1,COc1cc(cc(OC)c1OC)C(=O)N2CCC(CCN3CCC(CC3)C(=O)c4nc5ccccc5n4Cc6ccc(F)cc6)(C2)c7ccc8OCOc8c7
1,Cc1cc(OC2CCN(CC3CCN(CC3)[C@@](C)(Cc4ccc(F)cc4)C(=O)O)CC2)ccc1Cl
1,COc1cc(cc(OC)c1OC)C(=O)N2CCC(CCN3CCC(CC3)C(=O)c4nc5ccccc5n4Cc6ccc(F)cc6)(C2)c7ccc(F)cc7F
1,COc1ccc(CN(CCN(C)CCN2CCN(CC2)C(=O)c3cc4cc(Cl)ccc4[nH]3)c5ccccn5)cc1
1,OC(=O)[C@H](Cc1ccc(F)cc1)N2CCC(CN3CCC(CC3)Oc4ccc(Cl)cc4Cl)CC2
1,NS(=O)(=O)c1ccc2C(=CNC(=O)c2c1)C(=O)NC[C@@H](O)CN3CCC(CC3)Oc4ccc(Cl)c(Cl)c4
1,C[C@H](C1=C(CCN(C)C)Cc2cc(F)ccc12)c3nccs3
1,COc1ccccc1C[C@H](N2CCC(CN3CCC(CC3)Oc4ccc(Cl)c(Cl)c4)CC2)C(=O)O
1,OC(=O)C1CC(C1)N2CCN(CC2)C3=Cc4ccccc4Cn5ccnc35
1,CN1CCc2c(C1)c3cc(C)ccc3n2CCc4ccc(cc4)C(F)(F)F
1,OC(=O)[C@H](Cc1ccccc1F)N2CCC(CN3CCC(CC3)Oc4ccc(Cl)c(Cl)c4)CC2
1,COc1cc(cc(OC)c1OC)C(=O)N2CCC(CCN3CCC(CC3)C(=O)c4nc5ccccc5n4Cc6ccccn6)(C2)c7ccccc7
1,O=C(N[C@@H]1CC[C@@H](CCN2CCc3cc(ccc3C2)C#N)CC1)c4ccnc5ccccc45
1,Cc1ccc(cc1)S(=O)(=O)NC(=O)N2CCC(CC2)N3CCC(CC3)Oc4ccc(Cl)cc4
1,Cc1c(Cl)ccc(OC2CCN(C[C@H](O)CNC(=O)C3=CNC(=O)c4cc(ccc34)S(=O)(=O)C)CC2)c1Cl
1,Cc1ccc(cc1)S(=O)(=O)NC(=O)N2CCC(CC2)N3CCC(CC3)Oc4ccc(Cl)c(C)c4Cl
1,COc1ccc(Cn2c(nc3ccccc23)N4CCC(CC4)N(C)CC5CCOCC5)cc1
1,CN1C(=O)C=C(N2CCCN(CCCN3c4ccccc4COc5ccc(CC(=O)O)cc35)CC2)N(C)C1=O
1,CN1CCC[C@@H]1CN2N=C(Cc3ccc(Cl)cc3)c4ncccc4C2=O
1,Cc1cc2c(cccc2cn1)c3nnc(SCCCN4CCc5ccc(cc5CC4)c6cc(C)nn6C)n3C
1,C[C@@H]1NC(=Nc2ccc(Cl)c(Cl)c12)NCC(F)F
1,CN1CCN(CC1)C2=Nc3ccc(Cl)cc3Oc4ccccc24
1,C[C@H](C1=C(CCN(C)CCC#N)Cc2ccccc12)c3cnccn3
1,[3H]C([3H])([3H])Oc1ccccc1CNCCc2cc(OC)c(I)cc2OC([3H])([3H])[3H]
1,CCN(CC)C(=O)CN1CCCC(C1)c2nc3ccccc3n2Cc4ccc(F)cc4
1,Cn1nnc(n1)c2ccc3c(c2)c(cn3c4ccc(F)cc4)C5CCN(CCN6CCNC6=O)CC5
1,Cc1cnn(c1)C2CCN(CC2)c3nc4ccccc4n3Cc5ccc(F)cc5
1,OC(=O)C(N1CCO[C@@H](CN2CCC(CC2)Oc3ccc(Cl)c(Cl)c3)C1)c4ccccc4
1,Fc1ccc(cc1)C(=O)CCCN2CCC(=CC2)N3C(=O)Nc4ccccc34
1,CC(C)N(CC1CC2N(O1)c3ccccc3Cc4ccccc24)C(C)C
1,CCOc1cc(CN2CCC(CC2)Nc3oc4ccccc4n3)ccc1F
1,NC(=O)c1c(Cl)c(Cl)ccc1OC2CCN(C[C@H](O)CNC(=O)C3=CNC(=O)c4ccccc34)CC2
1,Cc1ccc(CCN2CCC(CC2)C(O)(c3ccccc3)c4ccccc4)cc1
1,Cc1ccccc1C[C@H](N2CCC(CN3CCC(CC3)Oc4ccc(Cl)c(Cl)c4)CC2)C(=O)O
1,CN(CCC=C1c2ccccc2CCc3ccccc13)C(=O)c4ccc(OCCCN5CCCCC5)cc4
1,Cc1c(Cl)ccc(OC2CCN(C[C@H](O)CNC(=O)C3=CNC(=O)C=C3C(F)(F)F)CC2)c1Cl
1,C[C@H](c1cccnc1C)c2c(CCN(C)C)sc3ccccc23
1,COc1ccc(CN(CCN2CCN(CC2)C(=O)c3cc4cc(Cl)ccc4[nH]3)c5ccccn5)cc1
1,OC(=O)C1(F)CCN(CC1)C2CC[C@@]3(C2)Cc4ccccc4Cc5ccccc35
1,CN1C(=O)C=C(N2CCCN(CCCN3c4ccccc4Sc5ccc(CC(=O)O)cc35)CC2)N(C)C1=O
1,CNCCCC(c1ccccc1)c2ccccc2
1,COc1nccnc1CC2=C(CCN(C)C)Cc3cc(Cl)ccc23
1,CN1C(=O)C=C(N2CCCN(CCCN3c4ccccc4Sc5ccc(cc35)C(C)(C)C(=O)O)CC2)N(C)C1=O
1,O[C@H](CNC(=O)N1C(=O)Nc2ccccc12)CN3CCC(CC3)Oc4ccc(Cl)c(Cl)c4
1,O[C@@H](CNC1CCN(Cc2ccc(Cl)c(Cl)c2)CC1)COc3ccc4ncsc4c3
1,CN(C)CC1CC2N(O1)c3ccccc3Cc4cc(C)ccc24
1,CN1[C@@H]2CC[C@H]1C[C@H](C2)OC(c3ccccc3)c4ccccc4
1,CN(C)C1CCN(CC1)c2nc3ccccc3n2Cc4ccc(C)cc4
1,OC(=O)C1CN(CCO1)C2CC[C@@]3(C2)Cc4ccccc4Cc5ccccc35
1,OC(=O)[C@H](Cc1cccc(c1)C#N)N2CCC(CN3CCC(CC3)Oc4ccc(Cl)c(Cl)c4)CC2
1,CN1C(=O)C=C(N2CCCN(CCCN3c4ccccc4Sc5cccc(C(=O)O)c35)CC2)N(C)C1=O
1,CC(C)(CN1CCN(CC1)C2=Cc3ccccc3Cn4cc(F)nc24)C(=O)O
1,NC[C@H]1C[C@H]1c2c[nH]cn2
1,CCOc1cc(CN2CCC(CC2)Nc3oc4ccccc4n3)ccc1OC
1,Clc1ccc(CC2=NN(C3CCCN(CCc4ccc(OCCCN5CCCCCC5)cc4)CC3)C(=O)c6ccccc26)cc1
1,CN(C)CCCN1c2ccccc2Sc3ccc(Cl)cc13
1,COc1cc(cc(OC)c1OC)C(=O)N2CC[C@@](CCN3CCC(CC3)(C(=O)N)c4ccccc4)(C2)c5ccc(Cl)c(Cl)c5
1,CN(C)CCN(Cc1cccs1)c2ccccn2
1,Fc1ccc(SCCCN2CCN(CC2)c3ccccn3)cc1
1,CN1CCCC(C1)c2nc3ccccc3n2CCOc4ccccc4
1,C[C@H](C1=C(CCN(C)CC#N)Cc2ccccc12)c3cnccn3
1,COc1ccc(CCN2CCC(CC2)Nc3nc4ccccc4n3Cc5ccc(F)cc5)cc1
1,CS(=O)(=O)c1ccc(s1)C(=O)NC[C@@H](O)CN2CCC(CC2)Oc3ccc(Cl)c(Cl)c3
1,CC(c1cc(C)ccn1)c2c(CCN(C)C)sc3ccccc23
1,CN1CCC(CN2N=C(Cc3ccc(Cl)cc3)c4ccccc4C2=O)C1
1,CN1CCC[C@@H]1CN2N=C(Cc3ccc(Cl)cc3)c4cccnc4C2=O
1,Cn1ccc2C(=C3CCNCC3)c4nccn4CCc12
1,OC(=O)[C@H](Cc1ccc(F)cc1)N2CCC(CN3CCC(CC3)Oc4ccc(Cl)c(Cl)c4)CC2
1,CN(C)c1ccc(cc1)S(=O)(=O)NC(=O)N2CCC(CC2)N3CCC(CC3)Oc4ccc(Cl)c(Cl)c4
1,C[C@H](C1=C(CCN(C)C)Cc2cc(C)ccc12)c3nccs3
1,Clc1cc2NC(=O)Cc2cc1CCN3CCN(CC3)c4nsc5ccccc45
1,CN(C)c1nc(N[C@@H]2CC[C@H](CNC(=O)c3ccc(F)c(F)c3)CC2)ncc1C
1,C(C1C[C@H]2[C@H](O1)c3ccccc3Cc4ccccc24)N5CCC(CC5)c6ccccc6
1,CN1C(=O)C[C@@H](C(=C1C)C(=O)NCCCN2CCC(CC2)(C#N)c3ccc(F)cc3)c4ccc(F)c(F)c4
1,O[C@H](CNC(=O)c1cn2cc(F)ccc2n1)CN3CCC(CC3)Oc4ccc(Cl)c(Cl)c4
1,CN(C[C@@H](O)CN1CCC(CC1)Oc2ccc(Cl)c(Cl)c2)C(=O)C3=CNC(=O)c4ccccc34
1,COc1cc(Cl)ccc1O[C@@H]([C@H]2CNCCO2)c3ccccc3
1,CN1CCN(CC1)C2=Nc3ccccc3Nc4sc(C)cc24
1,CN1C(=O)C=C(N2CCCN(CCCN3c4ccccc4CCc5ccc(CC(=O)O)cc35)CC2)N(C)C1=O
1,O[C@H](CNC(=O)c1cnnc2ccccc12)CN3CCC(CC3)Oc4ccc(Cl)c(Cl)c4
1,COc1c(OCCF)cccc1C(O)C2CCN(CCc3ccc(C)cc3)CC2
1,C[C@H](C1=C(CCN(C)C)Cc2ccccc12)c3cnccn3
1,CN1C(=O)C=C(N2CCN(CCCCN3c4ccccc4Sc5ccc(cc35)C(=O)O)CC2)N(C)C1=O
1,Fc1ccc(Cn2c(nc3ccccc23)C4CNCCS4)cc1
1,CNCCC=C1c2ccccc2CCc3ccccc13
1,CC(CN1c2ccccc2Sc3ccccc13)N(C)C
1,C(C1CC2N(O1)c3ccccc3Cc4ccccc24)N5CCCC5
1,Fc1ccc(cc1)C(=O)C2CCN(CC3C[C@H]4[C@H](O3)c5ccccc5Cc6ccccc46)CC2
1,CN1CCc2c(C1)c3cc(C)ccc3n2CCc4ccc(C)cc4
1,O=C1NCN(c2ccccc2)C13CCN(Cc4cccc(Oc5ccccc5)c4)CC3
1,NC1=NC(c2ccccc2)n3c(N1)nc4ccccc34
1,CCOc1cc(CN2CCC(CC2)Nc3oc4ccc(cc4n3)S(=O)(=O)N)ccc1OC
1,COc1cc2OC[C@H]3[C@H](CN4CCN(C\C(=C\c5ccc(F)cc5)\C)CC4)ON=C3c2cc1OC
1,CN(C)CC1CC2N(O1)c3cc(F)ccc3Cc4ccccc24
1,CN1C(=O)C=C(N2CCCN(CCCN3c4ccccc4COc5ccc(cc35)C(C)(C)C(=O)O)CC2)N(C)C1=O
1,Fc1ccc(Cn2c(nc3ccccc23)C4CCCN(CC(=O)N5CCCCC5)C4)cc1
1,CCc1nn(C)c2cc3CCN(CCCSc4nnc(c5cccc6nc(C)ccc56)n4C)CCc3cc12
1,CN1CCc2c(C1)c3cc(ccc3n2CCc4ccncc4)C(F)(F)F
1,COc1cccc(SC[C@@H](O)CN2CCC(CC2)Oc3ccc(Cl)c(Cl)c3)c1
1,OC(=O)COCCN1CCN(CC1)C(c2ccccc2)c3ccc(Cl)cc3
1,OC(=O)[C@H](Cc1ccc(cc1)C#N)N2CCC(CN3CCC(CC3)Oc4ccc(Cl)c(Cl)c4)CC2
1,OC1(CCN(CCCCc2ccc(F)cc2)CC1)c3ccc(Cl)cc3
1,CC1=C([C@H](CC(=O)N1)c2ccc(F)c(F)c2)C(=O)NCCCN3CCC(CC3)c4ccc(F)cc4C#N
1,C[C@H](C1=C(CCN(C)C)Cc2ccccc12)c3nccs3
1,CN1CCC[C@H]1CN2N=C(Cc3ccc(Cl)cc3)c4ccccc4C2=O
1,OC(=O)C1CCN(C1)C2CC[C@@]3(C2)Cc4ccccc4Cc5ccccc35
1,NC(=O)N(O)Cc1oc(CN2CCN(CC2)[C@H](c3ccccc3)c4ccc(Cl)cc4)cc1
1,CN1C(=O)C=C(N2CCCN(CCCN3c4ccccc4Sc5ccc(\C=C/C(=O)O)cc35)CC2)N(C)C1=O
1,CS(=O)(=O)c1cccc(c1)C(=O)N2CC[C@H]([C@@H](C2)C(=O)O)N3CCC(CC3)Oc4ccc(Cl)c(Cl)c4
1,CN(C)CCCC1c2ccccc2Cc3ccccc13
1,Clc1ccc(OC2CCN(CC2)C3CCN(CC3)C(=O)NS(=O)(=O)c4ccccc4Cl)cc1Cl
1,OC(=O)CCNC1CC[C@]2(C1)Cc3ccccc3Cc4ccccc24
1,O[C@H](CNC(=O)C1=CNC(=O)c2c(F)cccc12)CN3CCC(CC3)Oc4ccc(Cl)c(Cl)c4
1,Fc1ccc(cc1)n2cc(C3CCN(CCN4CCNC4=O)CC3)c5cc(Cl)ccc25
1,CN(C)CCCN1c2ccccc2CCc3ccccc13
1,Fc1ccc(O[C@@H]([C@H]2CNCCO2)c3ccccc3)c(Cl)c1
1,Clc1ccc(OC2CCN(CCCOc3cccc(c3)C#N)CC2)cc1Cl
1,Clc1ccc(CC2=NN(C[C@H]3CCCN3CCCCc4ccc(OCCCN5CCCCCC5)cc4)C(=O)c6ccccc26)cc1
1,CN1CCN2C(C1)c3ccccc3Cc4ccccc24
1,OC(=O)CCCCn1nnc(n1)c2ccc(cc2)C(=O)N3CCC(CC3)N4CCC(CC4)Oc5ccc(Cl)c(Cl)c5
1,Cc1cc(Cl)ccc1OC2CCN(C[C@H](O)CNC(=O)C3=CNC(=O)c4cc(F)ccc34)CC2
1,CC1NC(=Nc2ccc(Cl)c(Cl)c12)NCC(F)F
1,C[C@@H](c1ncccc1Cl)c2c(CCN(C)C)sc3ccccc23
1,CN1C(=O)C[C@@H](C(=C1C)C(=O)NCCCN2CCC(CC2)c3ccc(F)cc3C#N)c4ccc(F)c(F)c4
1,OCCN1CCN(CCCN2c3ccccc3Sc4ccc(cc24)C(F)(F)F)CC1
1,CN(C)CCC1=C(Cc2cccnn2)c3ccc(Cl)cc3C1
1,Fc1ccc(cc1)C(CCCN2CCC(CC2)NC(=O)OCCc3ccc(cc3)C#N)c4ccc(F)cc4
1,NCCCCCCCCCCCCc1ccncc1
1,C[C@H](C1=C(CCN(C)Cc2occn2)Cc3ccccc13)c4cnccn4
1,CN1CCCC(CN2c3ccccc3Sc4ccccc24)C1
1,CC1(O)CN(C1)S(=O)(=O)c2ccc3C(=CNC(=O)c3c2)C(=O)NC[C@@H](O)CN4CCC(CC4)Oc5ccc(Cl)c(Cl)c5
1,COc1ccc(CN(CCN(C)CC(C)Nc2ccc3[nH]c(cc3c2)C(=O)N4CCN(C)CC4)c5ccccn5)cc1
1,COc1cc2OC[C@H]3[C@H](CN4CCN(Cc5ccc6ccccc6c5)CC4)ON=C3c2cc1OC
1,CN1CCc2c(C1)c3cc(F)ccc3n2CCc4ccncc4
1,CN1C(=O)C=C(N2CCCN(CC\C=C/3\c4ccccc4COc5ccc(cc35)C(=O)O)CC2)N(C)C1=O
1,CN(C)C\C=C\1/c2ccccc2COc3ccc(CC(=O)O)cc13
1,COc1nccnc1[C@H](C)C2=C(CCN(C)C)Cc3ccccc23
1,COc1ccc(cc1OC)C2(CCN3CCC(CC3)C(=O)c4nc5ccccc5n4Cc6ccc(F)cc6)CCN(C2)C(=O)c7cc(OC)c(OC)c(OC)c7
1,CN1CCN2C(C1)c3ccccc3Cc4cccnc24
1,OC1(CC2CCC(C1)N2CCCC(=O)c3ccc(F)cc3)c4ccccc4
1,CNCCCC1c2ccccc2Cc3ccccc13
1,OC(=O)C1=CCN(CC1)C2CCC3(C2)Cc4ccccc4Oc5ccccc35
1,OC(=O)[C@@H](N1CCC(CN2CCC(CC2)Oc3ccc(Cl)c(Cl)c3)CC1)c4ccccc4
1,[11CH3]Oc1ccc2cccc(N3CCN(CCCCN4N=CC(=O)N(C)C4=O)CC3)c2c1
1,NCCCCCCCCCCCc1c[nH]cn1
1,CCOc1cc(CN2CCC(CC2)Nc3oc4ccc(NS(=O)(=O)c5ccccc5)cc4n3)ccc1OC
1,COc1ccc2[nH]cc(CCN(CC=C)CC=C)c2c1
1,CN1CCCC1CCN2N=C(Cc3ccc(Cl)cc3)c4ccccc4C2=O
1,CN1CCC[C@@H]1CN2N=C(Cc3ccc(Cl)cc3)c4ccccc4C2=O
1,CCOCCn1c(nc2ccccc12)C(=O)C3CCN(CCC4(CCN(Cc5cc(OC)c(OC)c(OC)c5)C4=O)c6ccc(F)cc6)CC3
1,CN1CCN(CC1)C(=O)c2cc3cc(Cl)ccc3[nH]2
1,CC(C)OC(=O)N(O)CCC#Cc1ccc(OCCCCN2CCN(CC2)C(c3ccc(F)cc3)c4ccc(F)cc4)cc1
1,CN1C(=O)C=C(N2CCCN(CCCN3c4ccccc4Sc5c3cccc5C(=O)O)CC2)N(C)C1=O
1,Cc1ccc2c(cccc2n1)c3nnc(SCCCN4CCc5cc6onc(C)c6cc5CC4)n3C
1,OC(=O)[C@H](Cc1ccc(F)cc1)N2CCC(CN3CCC(CC3)Oc4ccc(Cl)cc4)CC2
1,CN(C)C[C@H]1CC2[C@H](O1)c3cc(Cl)ccc3Oc4ccccc24
1,CN1C(=O)C=C(N(C)C1=O)C2=CCN(CCCN3c4ccccc4Sc5ccc(CC(=O)O)cc35)CC2
1,C[C@@H]1C[C@H](C)N1C(=O)[C@H]2CN(C)C3Cc4c[nH]c5cccc(C3=C2)c45
1,NCC1c2ccccc2Cc3ccccc13
1,CN(C)c1ccccc1S(=O)(=O)NC(=O)N2CCC(CC2)N3CCC(CC3)Oc4ccc(Cl)c(Cl)c4
1,CN(C)CCOC(c1ccccc1)c2ccccc2.CN3C(=O)N(C)c4nc(Cl)[nH]c4C3=O
1,Clc1ccc(CC2=NN(C3CCCN(CCCCc4ccc(OCCCN5CCCCCC5)cc4)CC3)C(=O)c6ccccc26)cc1
1,COc1cc(F)ccc1O[C@@H]([C@H]2CNCCO2)c3ccccc3
1,CCC(C(=O)O)c1ccc2Sc3ccccc3N(CCCN4CCCN(CC4)C5=CC(=O)N(C)C(=O)N5C)c2c1
1,CN1C(=O)C=C(N2CCN(CCN3c4ccccc4Sc5ccc(cc35)C(=O)O)CC2)N(C)C1=O
1,COC(=O)c1ccccc1OCCCCn2c(nc3ccccc23)C(=O)C4CCN(CCC5(CCN(C5)C(=O)c6cc(OC)c(OC)c(OC)c6)c7ccccc7)CC4
1,CN1C(=O)C=C(N2CCCN(CCCN3c4ccccc4Sc5ccc(OCC(=O)O)cc35)CC2)N(C)C1=O
1,OC(=O)C1CN(C1)C2CCC3(C2)Cc4ccccc4Oc5ccccc35
1,CN(C)C[C@@H]1C[C@H]2[C@H](O1)c3ccccc3Cc4ccccc24
1,OC(C1CCNCC1)(c2ccccc2)c3ccccc3
1,CN(C)CCc1sc2ccccc2c1Cc3ccc(F)cc3
1,Fc1ccc(cc1)C(N2CCN(C\C=C\c3ccccc3)CC2)c4ccc(F)cc4
1,COc1ccc(cc1NC2CCN(C)CC2)S(=O)(=O)n3cc(C)c4cc(Cl)cnc34
1,Fc1ccc(CCCCN2CCN(CC2)c3ccccn3)cc1
1,CN(C)CCC1=C(Cc2cnccn2)c3ccc(F)cc3C1
1,C(CCCCCc1c[nH]cn1)CCCCN2CCCC2
1,OC(=O)C=C1CN(C1)C2CCC3(C2)Cc4ccccc4Cc5ccccc35
1,COc1cc(cc(OC)c1OC)C(=O)N2CCCC(CCN3CCC(CC3)C(=O)c4nc5ccccc5n4Cc6ccc(F)cc6)(C2)c7ccc(Cl)c(Cl)c7
0,C(CCC(=O)NN)CCO
0,C[C@](Cc1c[nH]c2c1cccc2)(C(=O)NCC3(CCCCC3)c4ccc(cn4)OC)NC(=O)Nc5ccc(cc5)[N+](=O)[O-]
0,C[C@](COc1ccc(c(c1)F)Cl)(C(=O)Nc2ccc(c(c2)C(F)(F)F)C#N)O
0,C[C@](COc1ccc(cc1)C#N)(C(=O)Nc2ccc(c(c2)C(F)(F)F)C#N)O
0,C[C@]12C[C@@H]([C@@H]3c4ccc(cc4CC[C@H]3[C@@H]1CC[C@@H]2O)O)c5ccc(cc5)OCCCCCS(=O)(=O)CCCC(C(F)(F)F)(F)F
0,C[C@]12CC[C@@H]3c4ccc(cc4C[C@H]([C@H]3[C@@H]1CC[C@@H]2O)CCCCCCCCC[S+](CCCC(C(F)(F)F)(F)F)[O-])O
0,C[C@@H]([C@@H](c1cccc(c1)O)O)N
0,C[C@@H]([C@H](c1ccccc1)O)NC
0,C[C@@H](C(=O)N1CCC[C@H]1C(=O)O)N[C@@H](CCc2ccccc2)C(=O)O
0,C[C@@H](c1ccccc1)NC(=O)c2c(ccs2)OCc3ccc(cc3)Cl
0,C[C@@H](Cc1ccccc1)N
0,C[C@@H]1CC(=O)NN=C1c2ccc(cc2)NN=C(C#N)C#N
0,C[C@@H]1CN(C[C@@H](N1)C)CCCn2c3ccccc3c4c2cccc4
0,C[C@H](Cc1ccc2c(c1)OC(O2)(C(=O)O)C(=O)O)NC[C@@H](c3cccc(c3)Cl)O
0,C[C@H]1C[C@@H](C(=O)[C@@H](C1)[C@@H](CC2CC(=O)NC(=O)C2)O)C
0,C[N+](C)(C)CC#CCN1CCCC1=O
0,C[N+](C)(C)CC#CCOC(=O)Nc1cccc(c1)Cl
0,C[N+]1(CCCCC1)CCC(c2ccccc2)(c3ccccc3)C(=O)N
0,C[N+]1(CCCCC1COC(=O)C(c2ccccc2)(c3ccccc3)O)C
0,C[N+]12CCC(CC1)C(C2)OC(=O)C(c3ccccc3)(c4ccccc4)O
0,C[n+]1cc2c(ccc3c2OCO3)c4c1c5cc6c(cc5cc4)OCO6
0,C=C[C@H]1CN2CC[C@H]1C[C@@H]2[C@H](c3ccnc4c3cccc4)O
0,C=CCN1CCc2c(sc(n2)N)CC1
0,C=CCN1CCN(CC1)c2c(nc3ccccc3n2)C#N
0,C1[C@@H]2C[C@]3(C[C@@H](C2)C[C@@H]1C3)N
0,c1c(c(c(cc1Br)Br)N)CN[C@H]2CC[C@@H](CC2)O
0,c1c(cc(c(c1F)COc2c(c(sn2)NC(=O)NCCCCN3CCCC3)C(=O)N)F)Br
0,c1c(cc(cc1O)Cl)C(=O)O
0,c1c(cc(cc1O)O)C(=O)O
0,c1c(ccc(c1)N2C(=O)c3c(ncnc3N)OCC2)[C@H]4CC[C@@H](CC4)CC(=O)O
0,C1C[C@H](CN2[C@@H]1CNCC2)CO
0,c1c2c(cc(c1Cl)S(=O)(=O)N)S(=O)(=O)NCN2
0,c1cc(c(c(c1)Cl)Cl)c2c(nc(nn2)N)N
0,c1cc(c(c(c1)Cl)Cl)N2CCN(CC2)CCCCOc3ccc4ccc(=O)[nH]c4c3
0,c1cc(c(c(c1)Cl)COC(Cn2ccnc2)c3ccc(cc3Cl)Cl)Cl
0,c1cc(c(c(c1)Cl)N=C2NCCN2)Cl
0,c1cc(c(cc1Cl)Cl)NC(=O)c2cc(cc(c2O)[N+](=O)[O-])Cl
0,c1cc(c(cc1F)F)NC(=O)c2cc(cc(c2O)Cl)Cl
0,c1cc(c(cc1I)F)Nc2c(ccc(c2F)F)C(=O)NOC[C@@H](CO)O
0,c1cc(c(cc1NC(=O)c2ccc(cn2)F)[C@]34COC[C@H]3CSC(=N4)N)F
0,c1cc(c2c(c1N)non2)N3CCOCC3
0,c1cc(c2cnccc2c1S(=O)(=O)N3CCNCC3)Cl
0,c1cc(cc(c1)C(F)(F)F)C2(CCN(CC2)CCCC(=O)c3ccc(cc3)F)O
0,c1cc(cc(c1)Cl)CSc2nc3cc(ccc3o2)Cl
0,c1cc(cc(c1)F)NS(=O)(=O)c2ccc(c(c2)C(=O)Nc3ccc(cc3)Br)Cl
0,c1cc(cc(c1)I)CNC(=N)N
0,c1cc(cc(c1)NC(=O)Nc2ccc(c(c2)Cl)Cl)C(F)(F)F
0,c1cc(cc(c1)NC(=O)Nc2ccc(cc2)C(F)(F)F)C(F)(F)F
0,c1cc(cc(c1)O)CN2CCCC2
0,c1cc(cc(c1)O)N2C(=O)c3ccc(cc3C2=O)c4ccc5c(c4)C(=O)N(C5=O)c6cccc(c6)O
0,c1cc(cc2c1cc3ccc(cc3n2)N)N
0,c1cc(ccc1[C@@H]2CN3CCSC3=N2)Br
0,c1cc(ccc1C(=C2C=CC(=N)C=C2)c3ccc(cc3)N)N
0,c1cc(ccc1C(=O)Nc2[nH]c3ccc(cc3c(=O)n2)Br)F
0,c1cc(ccc1C(=O)NCCN)Cl
0,c1cc(ccc1C(=O)O)N2C(=O)c3ccc(cc3C2=O)c4ccc5c(c4)C(=O)N(C5=O)c6ccc(cc6)C(=O)O
0,c1cc(ccc1C#N)c2csc(n2)CC#N
0,c1cc(ccc1C23CC4CC(C2)CC(C4)C3)OCC(CN5CCCCC5)O
0,c1cc(ccc1c2c(n(cn2)C3CCNCC3)c4ccnc(n4)N)F
0,c1cc(ccc1c2c[nH]nc2)C3(CCNCC3)c4ccc(cc4)Cl
0,c1cc(ccc1C2CCC(c3c2ccc(c3)F)N4CCN(CC4)CCO)F
0,c1cc(ccc1CCc2c[nH]c3c2c(=O)[nH]c(n3)N)C(=O)N[C@@H](CCC(=O)O)C(=O)O
0,c1cc(ccc1F)[Si](CCCN2CCCCC2)(C3CCCCC3)O
0,c1cc(ccc1NC(=N)NC(=N)NCCCCCCNC(=N)NC(=N)Nc2ccc(cc2)Cl)Cl
0,c1cc(ccc1O)O
0,c1cc(ccc1OCC(CN2CCCCC2)O)OCC(CN3CCCCC3)O
0,c1cc(ccc1OCC2CCCNC2)Cl
0,c1cc(ccc1OCC2CCNCC2)Cl
0,c1cc(cnc1)c2c[nH]cn2
0,c1cc(nc(c1)Cl)N2CCC(CC2)N
0,c1cc(nc(c1)Cl)SC2CCNCC2
0,c1cc(oc1)CS(=O)CC(=O)NC/C=C\COc2cc(ccn2)CN3CCCCC3
0,c1cc(oc1CO)C=O
0,c1cc2c(c(c[nH]2)C3=CCNCC3)nc1
0,c1cc2c(c(c1)O)C(=O)c3c(cccc3O)C2=O
0,c1cc2c(cc1C(F)(F)F)c(ccn2)N3CCNCC3
0,c1cc2c(cc1C3c4c([nH]cn4)CCN3)OCO2
0,c1cc2c(cc1c3ccc4c(c3)C(=O)N(C4=O)c5nccs5)C(=O)N(C2=O)c6nccs6
0,c1cc2c(cc1c3ccc4c(c3)C(=O)N(C4=O)CCO)C(=O)N(C2=O)CCO
0,c1cc2c(cc1c3csc(n3)NC(=O)c4ccncc4)CCCN2C(=O)C5CCCC5
0,c1cc2c(cc1Cl)cc([nH]2)CN
0,c1cc2c(cc1Cl)sc(c2Cl)C(=O)O
0,c1cc2c(cc1Cl)sc(n2)N3CCNCC3
0,c1cc2c(cc1F)c(c[nH]2)C3=CCNCC3
0,c1cc2c(cccc2Cl)c(c1)S(=O)(=O)N3CCCNCC3
0,c1cc2c(ccnc2cc1C(F)(F)F)N3CCNCC3
0,c1cc2c3c(c1)C(=O)N(C[C@H]3CCC2)[C@@H]4CN5CCC4CC5
0,c1cc2cccnc2c(c1)OCCNS(=O)(=O)c3ccc(cc3)F
0,c1cc2cnccc2c(c1)S(=O)(=O)N3CCCNCC3
0,c1ccc-2c(c1)CCCc3c2nnc(c3)n4c(nc(n4)Nc5ccc6c(c5)CC[C@H](CC6)N7CCCC7)N
0,c1ccc(c(c1)[N+](=O)[O-])OCC(=O)NC2C3CC4CC(C3)CC2C4
0,c1ccc(c(c1)C(F)(F)F)NC(=O)Nc2cc(cc(c2)C(F)(F)F)C(F)(F)F
0,c1ccc(c(c1)C#N)NC(=O)c2cccc3c2C(=O)N(C3)C4CCCCC4
0,c1ccc(c(c1)C#N)OCC(=O)NC23CC4CC(C2)CC(C4)C3
0,c1ccc(c(c1)c2c3cc(c(c(c3oc-4c(c(=O)c(cc24)I)I)I)O)I)C(=O)O
0,c1ccc(c(c1)c2c3cc(ccc3nc(n2)C=O)Cl)Cl
0,c1ccc(c(c1)c2ccc(cc2)C(F)(F)F)C(=O)NC3CCN(CC3)CCCCC4(c5ccccc5-c6c4cccc6)C(=O)NCC(F)(F)F
0,c1ccc(c(c1)c2ccnc(n2)N)O
0,c1ccc(c(c1)CC(=O)O)Nc2c(cccc2Cl)Cl
0,c1ccc(c(c1)CN2CCC(CC2)n3c4ccccc4[nH]c3=O)C#N
0,c1ccc(c(c1)CNC(=O)C2CCN(CC2)S(=O)(=O)c3ccc(cc3)Cl)Cl
0,c1ccc(c(c1)n2c3ccc(cc3c(n2)OC[C@H]4CCCNC4)F)F
0,C1CCC(CC1)(CC(=O)O)CN
0,c1ccc(cc1)[C@H](CNCCc2ccc(cc2)NC(=O)Cc3csc(n3)N)O
0,c1ccc(cc1)[n+]2c3cc(ccc3nc4c2cc(cc4)N)N
0,c1ccc(cc1)/N=N/c2ccc(nc2N)N
0,c1ccc(cc1)C(=NOCCN2CCC=C(C2)C(=O)O)c3ccccc3
0,c1ccc(cc1)C(=O)Nc2c(cnn2c3ccccc3)C(=O)Nc4ccc(cc4)Cl
0,c1ccc(cc1)C(=O)NNC(=O)C[n+]2ccccc2
0,c1ccc(cc1)C(c2ccccc2)(C(=O)O[C@H]3C[C@H]4CC[C@@H](C3)[N+]45CCCC5)O
0,c1ccc(cc1)C(c2ccccc2)C(CN3CCN(CC3)c4cccc(c4)Cl)O
0,c1ccc(cc1)C(c2ccccc2)N3CCN(CC3)c4cc(nc5c4cccc5Cl)C(F)(F)F
0,c1ccc(cc1)C(c2ccccc2)N3CCNCC3
0,c1ccc(cc1)C(c2ccccc2)O[C@@H]3CCCN(C3)CCc4ccc5c(c4)OCO5
0,c1ccc(cc1)C(CCN2CCCCC2)(c3ccccc3)O
0,c1ccc(cc1)C[C@@H](C(=O)O)Cl
0,c1ccc(cc1)C2(CC2C3=NCCN3)c4ccccc4
0,c1ccc(cc1)c2c(c3ccccc3n2c4ccccc4)CCN
0,c1ccc(cc1)c2c(n3ccccc3n2)NC(=O)c4ccc(cc4)Br
0,c1ccc(cc1)c2c(nc3c(n2)c(nc(n3)N)N)N
0,c1ccc(cc1)c2c(nc3ccccc3n2)N4CCN(CC4)CCO
0,c1ccc(cc1)c2c3ccccc3nc(n2)N4CCNCC4
0,c1ccc(cc1)c2cc(no2)C(=O)NCCN3CCOCC3
0,c1ccc(cc1)c2ccc(cc2)C[C@@H]3C[C@H](NC3)C(=O)O
0,c1ccc(cc1)c2ccc(cc2)CC(=O)Nc3ccc(cc3)S(=O)(=O)Nc4ncccn4
0,c1ccc(cc1)c2ccccc2OCC3CCCNC3
0,c1ccc(cc1)C2CCN(CC2)[C@@H]3CCCC[C@H]3O
0,c1ccc(cc1)c2nc3ccc(cc3c(n2)N4CCOCC4)Cl
0,c1ccc(cc1)CC(c2ccccc2)N3CCCCC3
0,c1ccc(cc1)CCN2CCC(CC2)n3c(=O)oc(n3)c4cc(c(c5c4OCCO5)N)Cl
0,c1ccc(cc1)CCN2CCC3(CC2)CNC(=O)O3
0,c1ccc(cc1)Cn2c(=O)ccc(n2)C(=O)Nc3cccc(c3)C(=O)Nc4cccc(c4)C(F)(F)F
0,c1ccc(cc1)CN2CCC(CC2)(Cc3ccc(cc3)Cl)C(=O)/C=C(/C(=O)O)\O
0,c1ccc(cc1)CN2CCN(CC2)c3cc(nc4c3cccc4)C(F)(F)F
0,c1ccc(cc1)CN2CCN(CC2)c3cc(nc4c3cccc4Cl)C(F)(F)F
0,c1ccc(cc1)n2c(c(cn2)C(=O)Nc3ccccc3Cl)NC(=O)c4cccs4
0,c1ccc(cc1)N2c3ccccc3C(=O)C(C2=O)C(=O)Nc4ccc(cc4F)F
0,c1ccc(cc1)N2CCN(CC2)C[C@@H](CO)O
0,c1ccc(cc1)N2CCN(CC2)c3cc(nc4c3cccc4Cl)C(F)(F)F
0,c1ccc(cc1)N2CCN(CC2)c3ccnc4c3ccc(c4)Cl
0,c1ccc(cc1)NC(=N)NC(=O)c2c(nc(c(n2)Cl)N)N
0,c1ccc(cc1)NC(=O)N2CCN(CC2)c3cc(nc4c3cccc4)C(F)(F)F
0,c1ccc(cc1)Oc2ccccc2C3CCCN3
0,c1ccc(cc1)OCCCCOc2c3ccc(=O)oc3cc4c2cco4
0,c1ccc(cc1)S(=O)(=O)N2CCN(CC2)c3cc(nc4c3cccc4)C(F)(F)F
0,c1ccc2c(c1)[nH]c(=O)n2C3CCN(CC3)CCCC(=O)c4ccc(cc4)F
0,c1ccc2c(c1)[nH]c(=O)n2C3CCNCC3
0,c1ccc2c(c1)C(=NS2(=O)=O)N3CCNCC3
0,c1ccc2c(c1)c(=O)n(c(=S)[nH]2)CCN3CCC(=C(c4ccc(cc4)F)c5ccc(cc5)F)CC3
0,c1ccc2c(c1)c(=O)n(cn2)CC(=O)Nc3cccc(c3)S(=O)(=O)N4CCCCCC4
0,c1ccc2c(c1)c(c(c(=O)o2)Cc3c(c4ccccc4oc3=O)O)O
0,c1ccc2c(c1)c(c[nH]2)C(=O)OCCN3CCCCC3
0,c1ccc2c(c1)c(c[nH]2)C[C@@H](C(=O)O)N
0,c1ccc2c(c1)c(c3c(n2)CCCC3)N
0,c1ccc2c(c1)c(cc(n2)C(F)(F)F)N3CCN(CC3)C(=O)c4ccc(cc4)Cl
0,c1ccc2c(c1)c(cc(n2)C(F)(F)F)N3CCN(CC3)S(=O)(=O)c4ccc(cc4)Cl
0,c1ccc2c(c1)c(n[nH]2)N3CCNCC3
0,c1ccc2c(c1)c(no2)N3CCNCC3
0,c1ccc2c(c1)c(ns2)N3CCN(CC3)C[C@@H]4CCCC[C@H]4CN5C(=O)[C@H]6[C@@H]7CC[C@@H](C7)[C@H]6C5=O
0,c1ccc2c(c1)c(ns2)N3CCN(CC3)CCc4cc5c(cc4Cl)NC(=O)C5=O
0,c1ccc2c(c1)c3c([nH]2)CC(CC3)N
0,c1ccc2c(c1)c3ccccc3n2C(=O)CN4CCOCC4
0,c1ccc2c(c1)c3ccccc3n2CC(CN(CCO)CCO)O
0,c1ccc2c(c1)c3ccccc3n2CC(CN4CCCCC4)O
0,c1ccc2c(c1)c3ccccc3n2CC(CN4CCCCCC4)O
0,c1ccc2c(c1)c3ccccc3n2CC(CN4CCN(CC4)c5ccccn5)O
0,c1ccc2c(c1)c3ccccc3n2CC(CN4CCOCC4)O
0,c1ccc2c(c1)c3ccccc3n2CCCCN4CCOCC4
0,c1ccc2c(c1)c3ccccc3n2CCCN4CCOCC4
0,c1ccc2c(c1)c3ccccc3n2CN4CCCC4
0,c1ccc2c(c1)c3ccccc3n2CN4CCCCC4
0,c1ccc2c(c1)c3ccccc3n2CN4CCOCC4
0,c1ccc2c(c1)cc([nH]2)CN
0,c1ccc2c(c1)cc(s2)C3(CCCCC3)N4CCCCC4
0,c1ccc2c(c1)CC3C2C3N
0,c1ccc2c(c1)cccc2CC3=NCCN3
0,c1ccc2c(c1)CCN(C2)C(=N)N
0,c1ccc2c(c1)N(c3cc(ccc3S2=O)Cl)CCCN4CCN(CC4)CCO
0,c1ccc2c(c1)nc(s2)N3CCNCC3
0,c1ccc2c(c1)nc(s2)NCCCOc3cccc(c3)CN4CCCCC4
0,c1ccc2cc(ccc2c1)OCC3CCCNC3
0,C1CCN(CC1)CC2OCC3(CO2)COC(OC3)CN4CCCCC4
0,c1ccnc(c1)N2C(=O)c3ccc(cc3C2=O)c4ccc5c(c4)C(=O)N(C5=O)c6ccccn6
0,C1CN1P(=S)(N2CC2)N3CC3
0,C1CN2CCC1C3(C2)CNC(=O)O3
0,c1cnc(nc1)N2CCN(CC2)Cc3ccc4c(c3)OCO4
0,c1cnc(nc1)N2CCNCC2
0,c1cnccc1c2csc(n2)C3CCNCC3
0,CC(=O)[C@H]1CC[C@@H]2[C@@]1(CC(=O)[C@H]3[C@H]2CC[C@@H]4[C@@]3(CC[C@H](C4)O)C)C
0,CC(=O)C1=C(C(=O)N(C1c2ccc(cc2)Br)C3CCCCC3)O
0,CC(=O)c1ccc(cc1)N2CCN(CC2)c3ncccn3
0,CC(=O)c1cccc(c1)N2C(=O)c3ccc(cc3C2=O)c4ccc5c(c4)C(=O)N(C5=O)c6cccc(c6)C(=O)C
0,CC(=O)CC(c1ccccc1)c2c(c3ccccc3oc2=O)O
0,CC(=O)NC[C@H]1CN(C(=O)O1)c2ccc(c(c2)F)N3CCSCC3
0,CC(=O)NCCc1c[nH]c2c1cc(cc2)O
0,CC(=O)O[C@@H]1[C@@H](Sc2ccccc2N(C1=O)CCN(C)C)c3ccc(cc3)OC
0,CC(=O)OC1CN2CCC1CC2
0,CC(=O)OCCN1C(=O)c2ccc(cc2C1=O)c3ccc4c(c3)C(=O)N(C4=O)CCOC(=O)C
0,CC(C(=O)c1cccc(c1)Cl)NC(C)(C)C
0,CC(C)(C)[C@@H](c1ccc(cc1)Cl)C(=O)Nc2ncc(s2)c3ccccc3
0,CC(C)(C)C#C/C=C/CN(C)Cc1cccc2c1cccc2
0,CC(C)(C)c1cc(cc(c1O)C(C)(C)C)CN(C)C
0,CC(C)(C)c1cc2nc(cc(n2n1)N3CCN(CC3)C(=O)c4cccs4)C(F)(F)F
0,CC(C)(C)c1ccc(cc1)CN2CCN(CC2)C(c3ccccc3)c4ccc(cc4)Cl
0,CC(C)(C)OC(=O)NCc1ccccc1C#N
0,CC(C)(c1[nH]cc(n1)c2ccc(cc2)OC(F)(F)F)N
0,CC(C)[C@@H](c1ccc(cc1)Cl)C(=O)Nc2nccs2
0,CC(C)[C@H]1c2ccc(cc2CC[C@@]1(CCN(C)CCCc3[nH]c4ccccc4n3)OC(=O)COC)F
0,CC(C)[N+](C)(CCOC(=O)C1c2ccccc2Oc3c1cccc3)C(C)C
0,CC(C)C[C@@H](CC(=O)O)CN
0,CC(C)c1ccc(cc1)NC(=O)c2ccccc2NS(=O)(=O)c3ccc(c(c3)F)F
0,CC(C)Cc1csc(c1C(=O)O)NC(=O)c2ccccc2Cl
0,CC(C)CCNC(=O)c1cccc2c1C(=O)N(C2)C3CCCCC3
0,CC(C)COc1ccc(cc1)CNC(=O)N(Cc2ccc(cc2)F)C3CCN(CC3)C
0,CC(C)NC(=N)NC(=N)Nc1ccc(cc1)Cl
0,CC(C)NC(C)Cc1ccc(cc1)I
0,CC(C)NCC(c1ccc2ccccc2c1)O
0,CC(C)NCC(COc1ccccc1n2cccc2)O
0,CC(c1ccccc1)NC(=O)CN(c2ccccc2OC)S(=O)(=O)c3ccccc3
0,CC(Cc1ccc(cc1)O)N
0,CC(Cc1ccc(cc1)OCCCN(C)C)N(C)C
0,CC(Cc1cccc(c1)C(F)(F)F)N
0,CC(Cc1cccc(c1)C(F)(F)F)NCCOC(=O)c2ccccc2
0,CC(Cc1ccccc1)NCCC(c2ccccc2)c3ccccc3
0,CC(CCc1ccccc1)NC(C)C(c2ccc(cc2)O)O
0,CC(CCCN)Nc1cc(cc2c1nccc2)OC
0,CC[C@H]1[C@@H]2C[C@H]3[C@H]4[C@@]5(C[C@@H]([C@@H]2[C@H]5O)N3[C@@H]1O)c6ccccc6N4C
0,CC[N+](C)(C)Cc1ccccc1Br
0,CC[N+](C)(CC)CCOC(=O)C(c1ccccc1)(C2CCCCC2)O
0,CC#CCOC(=O)C1=CCCN(C1)C
0,CC1(C2CCC1(c3c2c(c4ccccc4n3)N5CCN(CC5)C)C)C
0,CC1(CC1)Nc2cc(nc(n2)N)N3CC[C@H](C3)NC
0,CC1(CCC(CC1)C(C)(C)NC(=O)CBr)NCC(COc2cccc3c2cc[nH]3)O
0,CC1(COC1)COc2ccc3c(c2)ncn3c4ccc5cccc(c5n4)N6CCC(CC6)N
0,CC1=C([C@H](C(=C(N1)C)C(=O)O[C@@H]2CCCN(C2)Cc3ccccc3)c4cccc(c4)[N+](=O)[O-])C(=O)OC
0,CC1=C(C(C(=C(N1)C)P2(=O)OCC(CO2)(C)C)c3cccc(c3)[N+](=O)[O-])C(=O)OCCN(Cc4ccccc4)c5ccccc5
0,CC1=C(C(CCC1)(C)C)/C=C/C(=C/C=C/C(=C/C=C/C=C(/C=C/C=C(/C=C/C2=C(CCCC2(C)C)C)\C)\C)/C)/C
0,CC12CC3CC(C1)(CC(C3)(C2)N)C
0,Cc1c(=O)c2cccc(c2oc1c3ccccc3)C(=O)OCCN4CCCCC4
0,Cc1c(c(=O)n2c(n1)C(CCC2)O)CCN3CCC(CC3)c4c5ccc(cc5on4)F
0,Cc1c(c(n2c(n1)cc(n2)c3ccccc3)C)CCC(=O)Nc4cccc(c4)C(=O)C
0,Cc1c(c(n2c(n1)nc(n2)C)C)CCC(=O)Nc3cc(cc(c3)OC)OC
0,Cc1c(c(on1)C)c2cc3c(cc2OC)c4c(cn3)[nH]c(=O)n4[C@H](C)c5ccccn5
0,Cc1c(ccc(c1)c2cc(c(cc2)/N=N/c3c(c4c(c(cc(c4cc3)S(=O)(=O)O)S(=O)(=O)O)N)O)C)/N=N/c5c(c6c(c(cc(c6cc5)S(=O)(=O)O)S(=O)(=O)O)N)O
0,Cc1c(cccc1O)C(=O)N[C@@H](CSc2ccccc2)[C@@H](CN3C[C@H]4CCCC[C@H]4C[C@H]3C(=O)NC(C)(C)C)O
0,Cc1c(cnn1c2cc(ncn2)Nc3ccc(cc3)N(C)C)C(=O)C
0,Cc1c(cnn1c2cc(ncn2)Nc3ccc(cc3)OC)C(=O)C
0,Cc1c(n(c2c1cc(cc2)C(=O)OCCN(C)C)CCN(C)C)C
0,Cc1c(nc[nH]1)CSCCN/C(=N/C#N)/NC
0,Cc1c(nnc2c1c(c(s2)C(=O)NC3CC3)N)C
0,Cc1c(sc-2c1C(=N[C@H](c3n2c(nn3)C)CC(=O)OC(C)(C)C)c4ccc(cc4)Cl)C
0,Cc1c(sc(n1)[C@@](C)(CO)O)c2cc(c(nc2)N)O[C@H](C)c3cc(ccc3n4nccn4)F
0,Cc1c2c(c(n(c1=O)C)Nc3ccc(cc3F)I)c(=O)n(c(=O)n2c4cccc(c4)NC(=O)C)C5CC5
0,Cc1c2c(c(sc2nc(c1Cl)OC)C(=O)NC3CC3)N
0,Cc1c2c(cs1)C(=O)Nc3ccccc3N2C(=O)CN4CCN(CC4)C
0,Cc1c2cnc(nc2n(c(=O)c1C(=O)C)C3CCCC3)Nc4ccc(cn4)N5CCNCC5
0,Cc1cc(c(c(c1C(=O)Oc2cc(c(c(c2C)O)C(=O)OC)C)O)C=O)O
0,Cc1cc(c(cc1OC(=O)C)C(C)C)OCCN(C)C
0,CC1CC(C(CN1C)C)(CCN(CCC#N)Cc2ccc(c(c2)OC)OC)c3ccccc3
0,Cc1cc(c(n1C2CC2)C)C(=O)COc3ccc(cc3)C(=O)c4ccccc4
0,Cc1cc(c(n1C2CC2)C)C(=O)COc3ccc(cc3F)Br
0,Cc1cc(c(n1C2CC2)C)C(=O)COc3ccccc3Cl
0,Cc1cc(c(n1C2CC2)C)C(=O)CSc3nnc(o3)c4ccccc4Br
0,Cc1cc(c(n1CCc2ccc(cc2)Cl)C)C(=O)CSc3ncccn3
0,Cc1cc(c(n1CCc2ccc(cc2)F)C)C(=O)CSc3ncccn3
0,Cc1cc(cc(c1)OCc2ccc(cc2)CN3CCC[C@@H]3CO)CS(=O)(=O)c4ccccc4
0,CC1CC(CC(N1C)(C)C)OC(=O)C(c2ccccc2)O
0,Cc1cc(n(n1)c2cc(ncn2)Nc3ccc(cc3)OC)C
0,Cc1cc(n2c(n1)c(cn2)C(=O)NC3CCCCCC3)C(F)F
0,Cc1cc(nc2c1c(c(s2)C(=O)NCc3ccc(cc3)OC)N)C
0,Cc1cc(nc2c1cccc2)SCC(=O)c3cc(n(c3C)C)C
0,Cc1cc(sn1)NC(=O)Nc2ccc3c(c2)ccn3C
0,Cc1cc2c(cc1N)[n+](c3cc(c(cc3n2)C)N)c4ccccc4
0,Cc1ccc(c(c1)C)Nc2cc(ncn2)n3c(cc(n3)C)C
0,CC1CCC(C(C1)OC(=O)Cn2c(=O)c3ccccc3c(n2)C(=O)O)C(C)C
0,Cc1ccc(cc1)C(=O)Nc2nc(c(s2)NC(=O)C)c3cccs3
0,Cc1ccc(cc1)c2csc(n2)c3ccncc3
0,Cc1ccc(cc1)c2csc(n2)CC#N
0,Cc1ccc(cc1)c2csc(n2)CO
0,Cc1ccc(cc1)Nc2cc(ncn2)n3c(c(cn3)C(=O)C)C
0,Cc1ccc(cc1)Nc2cc(ncn2)n3c(cc(n3)C)C
0,Cc1ccc(cc1)OCC2CCCNC2
0,Cc1ccc(cc1C)Nc2nc(nc(n2)N)CN3CCN(CC3)c4cccc(c4)OC
0,Cc1ccc(cc1n2c(cc(c(c2=O)Br)OCc3ccc(cc3F)F)C)C(=O)NC
0,Cc1ccc(cc1S(=O)(=O)N)C(CNCCOc2ccccc2OC)O
0,Cc1ccc(cn1)c2c(cc(cn2)Cl)c3ccc(cc3)S(=O)(=O)C
0,Cc1ccc2c(c1)c(c([nH]2)CCN(C)C)CN3CCOCC3
0,Cc1ccc2c(c1)c(c[nH]2)C3=CCNCC3
0,Cc1ccc2cccc(c2n1)NC(=O)c3ccc(cc3)OC(C)C
0,Cc1cccc(c1)C2CN(CCc3c2cc(c(c3Cl)O)O)CC=C
0,Cc1cccc(c1)CN2CCN(CC2)C(c3ccccc3)c4ccc(cc4)Cl
0,Cc1cccc(c1NC(=O)CN2CCN(CC2)CC(COc3ccccc3OC)O)C
0,Cc1cccc(n1)C#Cc2ccccc2
0,Cc1ccccc1C(=O)N2CCN(CC2)c3ccc(cc3)NC(=O)COc4ccc(cc4)Cl
0,Cc1ccccc1O[C@H](CCNC)c2ccccc2
0,Cc1ccnc(c1)N
0,Cc1ccnc(c1)NC(=O)Nc2ccccc2Cl
0,Cc1ccsc1C(=CCCN2CCC[C@H](C2)C(=O)O)c3c(ccs3)C
0,CC1CN(CCN1)S(=O)(=O)c2cccc3c2ccnc3
0,Cc1cn2c(c(cc(c2n1)C(=O)NCC3CCN(CC3)CC(C)C)Cl)N
0,Cc1cnc(c(c1OC)C)CS(=O)c2[nH]c3ccc(cc3n2)OC
0,Cc1cnc(nc1Nc2cccc(c2)S(=O)(=O)NC(C)(C)C)Nc3ccc(cc3)OCCN4CCCC4
0,Cc1nc(cs1)C#Cc2cccnc2
0,Cc1nc(nc2c1cc(c(=O)n2[C@H]3CC[C@@H](CC3)OCCO)c4cnc(cc4)OC)N
0,CCC(C(c1ccc(c(c1)O)O)O)NC(C)C
0,CCC(c1ccc(cc1)O)C(CC)c2ccc(cc2)O
0,CCC(c1ccc(cc1)OCCN(CC)CC)C(CC)c2ccc(cc2)OCCN(CC)CC
0,CCC(c1ccccc1)C(=O)OCCN(CC)CC
0,CCc1c(c2c(n1Cc3ccccc3)cccc2OCC(=O)O)C(=O)C(=O)N
0,CCc1c2cc(ccc2nc-3c1Cn4c3cc5c(c4=O)COC(=O)[C@@]5(CC)O)OC(=O)N6CCC(CC6)N7CCCCC7
0,CCc1cccc(c1NC2=NCCN2)CC
0,CCc1cnn2c1nc(cc2NCc3ccc[n+](c3)[O-])N4CCCC[C@H]4CCO
0,CCCC(CCC)C(=O)O[C@H]1C[C@H]2CC[C@@H](C1)[N+]2(C)C
0,CCCC[N+]1([C@@H]2C[C@H](C[C@H]1[C@H]3[C@@H]2O3)OC(=O)[C@H](CO)c4ccccc4)C
0,CCCc1c2c(c(=O)[nH]c(n2)Cc3ccc(cc3)N(CC)CC)n(n1)C
0,CCCC1Cc2cc(c(c(c2C1=O)Cl)Cl)OCc3cccc(c3)CSc4ccncc4
0,CCCc1nc(c2n1[nH]c(nc2=O)c3cc(ccc3OCC)S(=O)(=O)N4CCN(CC4)CC)C
0,CCCCC(CC)CNC(=N)NC(=N)NCCCCCCNC(=N)NC(=N)NCC(CC)CCCC
0,CCCCCCCCCC(=O)OCCN1CCN(CC1)CCCN2c3ccccc3Sc4c2cc(cc4)C(F)(F)F
0,CCCCN1CCC(CC1)CCC(=O)c2cc(c(cc2OC)N)Cl
0,CCCCN1CCC(CC1)CNC(=O)c2c3ccccc3n4c2OCCC4
0,CCCCNC(=O)N1CCN(CC1)c2cc(nc3c2cccc3)C(F)(F)F
0,CCCCOc1cc(ccc1N)C(=O)OCCN(CC)CC
0,CCCCOc1ccc(cc1)C(=O)CCN2CCCCC2
0,CCCCOc1ccc(cc1)OCCCN2CCOCC2
0,CCCCOc1ccc(cn1)/N=N/c2ccc(nc2N)N
0,CCCCOc1cccc(n1)N2CCNCC2
0,CCCN(CCC)C1Cc2cc(c(cc2C1)OC)OC
0,CCCN(CCC)C1CCc2cc(c(cc2C1)O)O
0,CCCN(CCC)CC(Cn1c2ccccc2c3c1cccc3)O
0,CCCN(CCC)CCc1ccc(c(c1)O)O
0,CCCN[C@H]1CCc2cccc(c2C1)OC
0,CCCNCCc1ccc(cc1)NS(=O)(=O)c2ccc(cc2)OC(F)(F)F
0,CCCOc1ccc(c(c1)O)C(=O)OCCN2CCCCC2
0,CCCOc1ccc2c(n1)c(c[nH]2)C3=CCNCC3
0,CCN(c1c(nc(c(n1)N)C(=O)NC(=N)N)Cl)C(C)C
0,CCN(CC)C(=O)[C@@]1(C[C@@H]1CN)c2ccccc2
0,CCN(CC)C(=O)N[C@H]1C[C@@H]2c3cccc4c3c(c[nH]4)C[C@H]2N(C1)C
0,CCN(CC)CC(=O)n1c2ccccc2c3c1cccc3
0,CCN(CC)CC(=O)Nc1c(cccc1C)C
0,CCN(CC)CCCC(C)Nc1ccnc2c1ccc(c2)Cl
0,CCN(CC)CCn1c2ccccc2c3c1cccc3
0,CCN(CC)CCN1CCn2c3ccc(cc3c4c2C1CCC4)C
0,CCN(CC)CCNC(=O)COc1ccc(cc1)OC
0,CCN(CC)CCNC1=NCCn2c1cc3c2ccc(c3)OC
0,CCN(CC)CCNc1ccc(c2c1c(=O)c3ccccc3s2)CO
0,CCN(CC)CCOC(=O)C(c1ccccc1)C2CCCCC2
0,CCN(CC)CCOC(=O)C1(CCCC1)c2ccc(cc2)[N+](=O)[O-]
0,CCN(CC)CCOC(=O)c1cc(c(cc1OC)N)Cl
0,CCN(CC)CCOc1ccc(cc1)Cc2ccccc2
0,CCN(CC)Cn1c2ccccc2c3c1cccc3
0,CCN(CCCC(C)Nc1ccnc2c1ccc(c2)Cl)CCO
0,CCN(CCCc1ccccc1)CCCc2ccccc2
0,CCN(CCCl)Cc1ccccc1Br
0,CCn1c(=O)c2ccc(cc2[nH]c1=O)C(=O)N3CCN(CC3)Cc4ccc5c(c4)OCO5
0,CCn1c2cc(ncc2nc1c3c(non3)N)Oc4cccc(c4)NC(=O)c5ccc(cc5)OCCN6CCOCC6
0,CCN1CCC(CC1)c2nc(cs2)c3ccc(cc3)Br
0,CCN1CCC(CC1)c2nc(cs2)c3cccc(c3)Br
0,CCN1CCC[C@H]1CNC(=O)c2c(cccc2OC)O
0,CCN1CCCC1CNC(=O)c2cc(c(cc2OC)N)S(=O)(=O)CC
0,CCN1CCN(CC1)c2ccc(cc2)Nc3ccnc4c3cc5ccccc5c4
0,CCN1CCN(CC1)c2ccc(cc2)Nc3ccnc4c3ccc5c4nsn5
0,CCN1CCN(CC1)c2nc3ccccc3c(n2)c4ccccc4
0,CCOC(=O)[C@H](CCc1ccccc1)N[C@@H](C)C(=O)N2CCC[C@H]2C(=O)O
0,CCOC(=O)c1c(n(c2c1cc(cc2)OC)CCN3CCN(CC3)c4ccccc4)C
0,CCOC(=O)c1c2n(cn1)-c3ccc(cc3C(=O)N(C2)C)F
0,CCOC(=O)c1cnc2ccccc2c1N3CCN(CC3)C
0,CCOC(=O)Nc1ccc2c(c1)N(c3ccccc3S2)C(=O)CCN4CCOCC4
0,CCOc1cc(ccc1OC)[C@@H](CS(=O)(=O)C)N2C(=O)c3cccc(c3C2=O)NC(=O)C
0,CCOc1ccccc1O[C@H](c2ccccc2)[C@H]3CNCCO3
0,CCOc1ccccc1OCC2CCCNC2
0,CCOP(=S)(OCC)Oc1cc(nc(n1)C(C)C)C
0,CN(C)C(=N)NC(=N)N
0,CN(C)C[C@@H]1CCn2cc(c3c2cccc3)C4=C(c5cn(c6c5cccc6)CCO1)C(=O)NC4=O
0,CN(C)c1ccc(cc1)/C=C\2/C(=O)NC(=S)S2
0,CN(C)CC(c1ccc(cc1)O)C2(CCCCC2)O
0,CN(C)CC(c1ccc(cc1)OC)C2(CCCCC2)O
0,CN(C)Cc1cc2cc(ccc2[nH]1)OC
0,CN(C)Cc1cc2ccccc2[nH]1
0,CN(C)Cc1ccccc1c2ccccc2
0,CN(C)CCC(=O)c1ccc2c(c1)CCCC2
0,CN(C)CCC(c1ccccc1)(c2ccccc2Cl)O
0,CN(C)CCCn1c2ccccc2c3c1cccc3
0,CN(C)CCCOc1c2ccccc2n(n1)Cc3ccccc3
0,CN(C)CCOC(=O)C(c1ccccc1)C2(CCCC2)O
0,CN(C)Cn1c2ccccc2c3c1cccc3
0,CN(C/C=C/c1ccccc1)Cc2cccc3c2cccc3
0,CN(CCC(c1ccc(cc1)Cl)Oc2ccc(cc2)C(=O)c3nccs3)CC(=O)O
0,CN(CCc1ccc(c(c1)Cl)Cl)CCN2CCCC2
0,CN(CCc1ccc(cc1)NS(=O)(=O)C)CCOc2ccc(cc2)NS(=O)(=O)C
0,CN(CCCN1c2ccccc2CCc3c1cccc3)CC(=O)c4ccc(cc4)Cl
0,CN(CCCOc1ccc(cc1Cl)Cl)CC#C
0,CN[C@@H]1C[C@H](c2c1cccc2)c3ccc(c(c3)Cl)Cl
0,CN/C(=C\[N+](=O)[O-])/NCCSCc1ccc(o1)CN(C)C
0,CN1[C@@H](CCC[C@@H]1CC(=O)c2ccccc2)C[C@@H](c3ccccc3)O
0,CN1[C@@H]2CC[C@H]1C[C@H](C2)OC(=O)c3ccc(c(c3)OC)O
0,Cn1c(=O)c2c(cn1)N(N=C(S2)SCc3ccc(cc3Cl)Cl)C
0,Cn1c(=O)c2ccsc2nc1SCc3ccc(cc3Cl)Cl
0,Cn1c(=O)cc2c(c1c3cccc(c3)N(C)C)c(=O)n([nH]2)c4ccccc4Cl
0,Cn1c(cc(=O)n(c1=O)C)NCCCN2CCN(CC2)c3ccccc3OC
0,Cn1c2c(c(=O)n(c1=O)C)nc([nH]2)Cc3ccccc3
0,Cn1c2c(cn1)CCNC2
0,CN1c2cc(cc(c2OCC1=O)C(=O)NC3CN4CCC3CC4)Cl
0,Cn1cc(c(=O)c2c1cc(cc2)F)[S+](C)[O-]
0,Cn1cc(c(n1)c2ccc(cc2)OCc3ccc4ccccc4n3)c5ccncc5
0,Cn1cc(c2c1cccc2)C(=O)OCC3CCN(CC3)CCNS(=O)(=O)C
0,Cn1cc(c2c1cccc2)C3=C(C(=O)NC3=O)c4cn(c5c4cccc5)C6CCN(CC6)Cc7ccccn7
0,Cn1cc(nc1)c2cc3c(s2)c(ccn3)Oc4ccc(cc4F)NC(=S)NC(=O)Cc5ccccc5
0,CN1CC[C@]2(CCN3CCc4c5ccccc5oc4[C@@H]3C2)N(C1=O)C
0,CN1CC[C@@H]2CN3CCc4c3c(ccc4)[C@@H]2C1
0,CN1CC[C@H]([C@H](C1)O)c2c(cc(c3c2oc(cc3=O)c4ccccc4Cl)O)O
0,CN1Cc2c(cccc2N)C(C1)c3ccccc3
0,CN1CCC(C(C1)COc2ccc(cc2)OC)c3ccccc3
0,CN1CCC(CC1)c2c[nH]c3c2cc(cc3)O
0,CN1CCC(CC1)c2nc(cs2)c3cccc(c3)Br
0,CN1CCC(CC1)Nc2nc3c(c[nH]c(=O)c3c(n2)Nc4ccc(cc4)Oc5ccccc5)Br
0,CN1CCC=C(C1)C(=O)OCC#C
0,CN1CCC2(CC1)CN(c3c2cccc3)c4c5cc[nH]c5ncn4
0,Cn1ccc2c1ccc(c2)NC(=O)Nc3cccnc3
0,CN1CCc2cc(c(cc2[C@H](C1)c3ccccc3)OC)OC
0,CN1CCN(CC1)C(=O)c2[nH]c3ccc(cc3n2)Cl
0,CN1CCN(CC1)c2c3ccccc3nc-4c2CCc5c4ccc(c5)OC
0,CN1CCN(CC1)c2cc(nc3c2cccc3)c4ccccn4
0,CN1CCN(CC1)c2cc(nc3c2cccc3)c4ccncc4
0,CN1CCN(CC1)c2ccc(cc2)Nc3c4ccccc4nc5c3cccc5
0,CN1CCN(CC1)c2ccc(cc2Cl)Nc3ccnc4c3ccc(c4)Cl
0,CN1CCN(CC1)c2ccc3c(c2)cc[nH]3
0,CN1CCN(CC1)c2nc(cc(n2)C(F)(F)F)c3ccccc3
0,CN1CCN(CC1)CC/C=C\2/c3ccccc3Sc4c2cc(cc4)S(=O)(=O)N(C)C
0,CN1CCN(CC1)CCCN2c3ccccc3Sc4c2cc(cc4)C(F)(F)F
0,CN1CCOC(c2ccccc2C1)c3ccccc3
0,CNC(=O)c1cccnc1Nc2ccc(cc2)Cl
0,CNC(=O)c1cccnc1Nc2cccc(c2)C(F)(F)F
0,CNC(=O)Oc1cccc2c1cccc2
0,CNC(=S)NCCCCc1c[nH]cn1
0,CNC1CCCCC1
0,CNCC[C@@H](c1cccs1)Oc2cccc3c2cccc3
0,CNCCC(c1ccccc1)Oc2ccccc2OC
0,CNCCc1c[nH]cn1
0,CNCCCCOc1ccccc1Cc2ccccc2
0,CNCCOC(c1ccccc1)c2ccccc2
0,COC(=O)[C@@H](c1ccccc1)NC(=O)c2cc(nc3c2cccc3)c4ccccc4
0,COc1c(c2cc(ccc2[nH]1)F)C(=O)OCC3CCN(CC3)CCNS(=O)(=O)C
0,COc1cc(c(c(c1)OC)C(=O)CCCN2CCCC2)OC
0,COc1cc(c(cc1C(=O)CCC2CCN(CC2)CCNS(=O)(=O)C)Cl)N
0,COc1cc(c(cc1C(=O)OCCCN2CCCCC2)Cl)N
0,COc1cc(cc(c1)OC)COc2cc(c(cc2C(=O)CCC3CCN(CC3)CCNS(=O)(=O)C)Cl)N
0,COc1cc(cc(c1OC)OC)C(=O)Nc2ccccc2c3[nH]c4ccccc4n3
0,COc1cc(cc(c1OC)OC)C(=O)OCCCN2CCCN(CC2)CCCOC(=O)c3cc(c(c(c3)OC)OC)OC
0,COc1cc2c(cc1OC)ncnc2N3CC[C@H](C3)Oc4cnc5ccccc5n4
0,COc1ccc(c(c1)O)C2=CC(=O)OC2Cc3ccc(cc3)O
0,COc1ccc(cc1)c2nc(c3c(n2)n(c(=O)[nH]3)c4ccccc4)C(=O)N
0,COc1ccc(cc1)CCCOC(Cn2ccnc2)c3ccc(cc3)OC
0,COc1ccc(cc1)S(=O)(=O)N2CCN(CC2)c3cc(nc4c3cccc4)C(F)(F)F
0,COc1ccc(cc1)S(=O)(=O)Nc2ccc(c3c2cccc3)NS(=O)(=O)c4ccc(cc4)OC
0,COc1ccc(cc1Cl)n2nc3ccc(cc3n2)N
0,COc1ccc(cc1OC)c2csc(n2)NC(=O)CSc3[nH]cnn3
0,COc1ccc(cc1OC)Cc2c3cc(c(cc3ccn2)OC)OC
0,COc1ccc2c(c1)[nH]c3c2CCN4[C@@H]3C[C@H]5[C@@H](C4)C[C@H]([C@@H]([C@H]5C(=O)OC)OC)OC(=O)c6cc(c(c(c6)OC)OC)OC
0,COc1ccc2c(c1)c(c[nH]2)CCNCCNCCS
0,COc1ccc2c(c1)c(ccn2)[C@@H]([C@H]3C[C@@H]4CCN3C[C@@H]4C=C)O
0,COc1cccc(c1)N2CCN(CC2)C(=O)c3ccc4c(c3)sc5n4cc(n5)c6ccccc6
0,COc1cccc(n1)N2CCNCC2
0,COc1ccccc1CNC(=O)C2CCN(CC2)S(=O)(=O)c3ccc(cc3)Cl
0,COc1ccccc1NC(=O)c2ccc(cc2)c3ccc(cc3OC)C(=O)Nc4ccccc4OC
0,COc1ccccc1Nc2c3ccccc3nc(n2)c4ccccc4O
0,COc1ccccc1Oc2ccc(cc2)N(Cc3cccnc3)S(=O)(=O)CC(F)(F)F
0,COCCOc1ccc2c(c1)ncn2c3ccc4cccc(c4n3)N5CCC(CC5)N
0,CS(=O)(=O)N1CCN(CC1)c2cc(nc3c2cccc3)C(F)(F)F
0,S=C(NC1CCCCC1)N2CCC(CC2)c3c[nH]cn3
